,blue_gold,blue_cs,blue_jg,blue_xp,red_gold,red_cs,red_jg,red_xp,blue_wards_placed,blue_wards_destroyed,blue_air_dragons,blue_fire_dragons,blue_earth_dragons,blue_water_dragons,blue_turrets_destroyed,blue_rift_heralds,blue_inhibitors_destroyed,blue_kills,blue_assists,blue_deaths,red_wards_placed,red_wards_destroyed,red_air_dragons,red_fire_dragons,red_earth_dragons,red_water_dragons,red_turrets_destroyed,red_rift_heralds,red_inhibitors_destroyed,red_kills,red_assists,red_deaths,unix_date,winner,match_id
0,33914,354,113,34528,23422,281,84,25951,24,4,0,0,0,0,2,1,0,23,16,10,21,3,1,0,0,0,0,0,0,10,9,23,1633469775125,blue,NA1_4062594999
1,26839,321,71,31680,24330,390,76,29064,27,3,0,0,1,0,0,1,0,15,14,5,25,5,0,0,0,0,0,0,0,5,1,15,1635970521517,blue,NA1_4090389765
2,24338,313,64,28519,23136,296,93,25813,29,7,0,0,0,1,0,0,0,10,13,7,27,5,0,1,0,0,0,1,0,7,7,10,1633557448719,red,NA1_4063861585
3,28723,401,114,33974,23523,352,90,30081,20,6,0,0,0,0,0,1,0,11,11,5,27,4,0,1,0,1,0,0,0,5,6,11,1635798190507,blue,NA1_4088225098
4,29117,297,82,27535,27050,356,76,26969,33,9,0,0,1,0,0,1,0,21,29,11,30,6,0,0,0,1,1,0,0,11,16,21,1632797812250,blue,NA1_4055305403
5,30878,312,76,30453,27105,343,64,28027,23,8,1,0,0,0,1,1,0,20,18,12,23,3,0,0,0,0,0,0,0,12,10,20,1633659845214,red,NA1_4064862148
6,26309,297,86,26716,28445,275,89,29879,25,9,0,0,0,0,1,1,0,10,11,19,27,8,1,0,1,0,1,0,0,19,24,10,1633484914023,red,NA1_4062971813
7,23744,314,65,25647,27701,236,86,29673,23,6,1,0,0,0,0,1,0,9,10,21,29,4,0,1,0,0,0,0,0,21,24,9,1632885062890,red,NA1_4056205513
8,29156,288,76,29074,24940,295,80,28374,22,4,0,0,0,0,2,0,0,19,17,13,22,3,1,0,0,0,0,1,0,13,11,19,1633551783771,red,NA1_4063834602
9,27651,314,73,30895,27358,340,91,30948,27,4,1,0,0,0,1,1,0,16,11,13,23,7,0,1,0,0,0,0,0,13,14,16,1633397870512,red,NA1_4061827761
10,28146,346,80,31732,23635,264,62,28643,28,7,0,1,0,0,0,0,0,18,20,11,26,5,0,0,0,0,0,0,0,11,10,18,1634162760854,blue,NA1_4070309746
11,27771,319,68,27220,24062,264,84,26503,26,5,0,0,1,1,0,0,0,15,22,9,25,4,0,0,0,0,0,1,0,9,14,15,1632759949682,blue,NA1_4054872174
12,21905,291,77,25822,26215,341,66,30714,23,4,1,0,0,1,0,1,0,5,4,17,20,4,0,0,0,0,0,0,0,17,17,5,1635027777993,red,NA1_4079783854
13,25856,279,74,27449,31358,321,100,33108,22,1,0,0,0,0,0,0,0,13,14,22,27,5,0,1,0,1,3,1,0,22,17,13,1633017011718,red,NA1_4057678033
14,24999,322,46,26893,26545,286,108,28632,26,4,0,0,0,0,1,0,0,11,12,14,25,6,0,0,0,1,0,0,0,14,13,11,1632957112295,red,NA1_4056970063
15,27403,337,80,28653,25697,333,88,29277,20,11,1,1,0,0,0,1,0,15,20,10,31,6,0,0,0,0,1,0,0,10,6,15,1633657400133,blue,NA1_4064827184
16,30596,327,79,34071,23811,245,76,28264,22,9,0,0,0,1,2,1,0,22,14,10,26,3,0,0,1,0,0,0,0,10,9,22,1633643434308,blue,NA1_4064673077
17,22765,256,84,25724,31853,336,65,31105,21,3,0,0,0,0,0,0,0,9,6,24,20,3,0,0,1,1,3,1,0,24,27,9,1633309368908,red,NA1_4061006093
18,22032,294,60,26897,28274,315,98,29520,16,5,0,0,0,0,0,0,0,7,6,14,19,2,0,0,1,1,2,1,0,14,19,7,1633319937402,red,NA1_4061221120
19,26890,318,72,29553,26323,327,88,30356,23,1,0,0,0,1,0,1,0,14,17,11,12,2,0,0,0,0,0,0,0,11,6,14,1632861056054,blue,NA1_4055874095
20,26263,289,72,27674,27154,303,72,29049,20,4,0,0,1,1,0,0,0,16,22,15,22,6,0,0,0,0,1,1,0,15,11,16,1632199561663,blue,NA1_4048325707
21,21820,285,46,25589,28078,311,87,29795,23,1,0,0,0,0,0,0,0,8,2,12,21,4,0,0,1,0,2,1,0,12,8,8,1634959645620,red,NA1_4078891657
22,25551,370,78,29282,23682,306,85,28895,23,8,1,0,0,1,1,1,0,9,7,7,29,8,0,0,0,0,0,0,0,7,7,9,1633481977397,blue,NA1_4062896160
23,21011,298,60,24713,28875,358,89,30480,25,5,0,0,0,0,0,0,0,5,6,16,26,6,0,0,1,1,1,0,0,16,22,5,1632959030420,red,NA1_4056965836
24,25004,268,78,28223,27670,281,97,30203,30,6,0,0,0,0,0,0,0,11,9,14,27,5,0,0,1,0,2,1,0,14,11,11,1633674080869,blue,NA1_4065064919
25,25671,322,76,29812,24738,313,96,29969,19,2,0,0,0,0,0,0,0,10,12,8,20,1,0,1,1,0,0,1,0,8,9,10,1634962086066,blue,NA1_4078866242
26,22136,301,84,27522,23955,371,88,30539,24,8,0,0,0,0,0,0,0,5,6,7,26,7,1,1,0,0,0,0,0,7,4,5,1633315844740,red,NA1_4061108823
27,25532,248,106,27626,29831,327,95,31058,20,2,0,0,0,0,0,1,0,10,10,20,20,3,1,0,0,0,0,0,0,20,20,10,1635099484029,red,NA1_4080540735
28,21612,322,86,25950,30374,335,84,32666,21,3,0,0,0,0,0,0,0,4,2,16,22,8,0,0,1,1,2,0,0,16,17,4,1634069160551,red,NA1_4069417675
29,25075,316,77,26647,25615,326,80,30257,27,6,0,0,0,0,1,1,0,8,12,11,25,13,0,1,1,0,1,0,0,11,10,8,1633908099371,blue,NA1_4067604052
30,22499,299,89,27800,33594,360,74,31854,20,4,0,1,0,0,1,0,0,7,6,22,26,3,0,0,0,1,2,1,0,22,28,7,1633292560995,red,NA1_4060772904
31,26313,313,76,29651,26322,380,72,29098,30,8,0,1,1,0,0,0,0,14,15,9,25,6,0,0,0,0,0,1,0,9,11,14,1632875225986,blue,NA1_4056009165
32,28951,322,83,29719,29869,282,103,31015,27,2,0,0,0,0,2,0,0,18,11,18,22,4,0,0,1,1,2,1,0,18,22,18,1632881801300,red,NA1_4056126536
33,22622,259,92,27797,26031,293,60,29112,22,1,0,0,0,0,0,0,0,9,4,16,23,5,0,0,0,1,0,0,0,16,15,9,1632591687238,red,NA1_4052670743
34,23922,244,76,27552,23378,264,88,26445,26,3,0,1,0,1,0,0,0,12,13,7,20,1,0,0,0,0,2,1,0,7,0,12,1634964143688,blue,NA1_4079052960
35,25997,353,80,30877,26466,409,119,32278,23,6,0,0,0,0,0,1,0,9,11,7,24,9,1,0,0,0,0,0,0,7,6,9,1635096766217,red,NA1_4080486962
36,26798,313,91,31109,26612,345,92,29375,25,5,0,0,1,1,0,0,0,14,12,9,22,7,0,0,0,0,1,1,0,9,11,14,1632947958071,blue,NA1_4056726250
37,26011,348,69,30129,25909,366,79,28826,27,10,0,0,0,0,0,0,0,12,9,10,27,2,1,0,0,0,1,1,0,10,8,12,1635547937495,red,NA1_4085522475
38,31919,263,59,30164,26658,284,63,25049,21,1,1,0,0,1,0,0,0,27,30,14,18,4,0,0,0,0,1,1,0,14,16,27,1633491132736,blue,NA1_4063017974
39,24311,236,67,27139,28485,292,84,30216,22,5,1,0,0,1,0,0,0,11,11,15,26,2,0,0,0,0,1,1,0,15,12,11,1634957340101,red,NA1_4078833392
40,30035,317,64,29554,25875,312,64,27820,27,3,0,1,0,0,1,0,0,22,25,11,20,9,0,0,0,0,0,1,0,11,12,22,1635823984257,blue,NA1_4088577342
41,30774,364,84,30636,25423,324,87,28538,29,9,0,1,1,0,1,0,0,19,21,8,24,8,0,0,0,0,1,0,0,8,6,19,1632877355186,blue,NA1_4056064098
42,25411,275,85,28043,26818,340,92,29393,25,4,0,1,0,0,1,1,0,10,12,10,29,8,0,0,1,0,2,0,0,10,6,10,1632781073797,red,NA1_4055009197
43,29670,349,87,30825,22712,276,56,26537,22,8,0,0,0,1,2,1,0,14,8,9,29,6,1,0,0,0,0,0,0,9,15,14,1632802054276,blue,NA1_4055366226
44,24163,283,84,28442,29541,371,90,32591,18,3,1,0,0,0,0,0,0,11,8,16,24,2,0,0,1,0,0,1,0,16,17,11,1635544827623,red,NA1_4085487011
45,25334,276,64,24671,23248,234,64,22619,22,5,1,0,0,0,0,0,0,14,26,11,25,4,0,1,0,0,0,1,0,11,19,14,1634526357531,blue,NA1_4074441749
46,25566,306,64,27328,26946,310,80,30866,23,7,0,0,1,0,0,0,0,13,21,15,29,3,1,0,0,0,1,0,0,15,15,13,1633666489349,red,NA1_4064990353
47,26923,327,77,30076,22845,314,73,26487,24,9,1,0,0,0,1,1,0,14,10,6,30,6,0,1,0,0,0,0,0,6,5,14,1636860839996,red,NA1_4102718438
48,24989,309,68,28778,28072,339,68,29152,22,6,0,0,0,0,1,0,0,9,10,13,28,4,1,1,0,0,1,1,0,13,17,9,1632961666728,red,NA1_4057119924
49,22659,315,72,27407,25199,330,72,29303,27,3,1,0,0,0,0,0,0,6,9,9,26,6,0,1,0,0,0,0,0,9,10,6,1633650348358,red,NA1_4064752392
50,23969,306,72,26927,24595,327,92,27320,23,7,0,1,1,0,0,0,0,9,16,5,30,5,0,0,0,0,1,1,0,5,9,9,1632506958357,blue,NA1_4051389305
51,25880,276,76,29743,29744,356,120,30894,24,8,0,0,0,0,0,0,0,13,13,12,25,7,0,1,1,0,1,1,0,12,10,13,1632595179908,red,NA1_4052685492
52,26066,319,80,29818,23023,298,73,28232,25,4,1,0,0,0,0,1,0,13,18,7,24,4,0,0,0,0,0,0,0,7,6,13,1634007469231,blue,NA1_4068990127
53,23601,296,49,28393,30122,379,77,31294,19,3,0,0,0,0,0,1,0,13,10,16,13,4,0,0,1,0,2,0,0,16,11,13,1633640289150,blue,NA1_4064587787
54,26709,301,95,28604,30580,303,81,31368,29,6,1,0,0,0,0,1,0,14,12,19,23,8,0,1,0,0,1,0,0,19,19,14,1633317890593,red,NA1_4061183704
55,28209,295,112,29517,29034,319,73,29888,24,4,0,0,0,0,1,1,0,14,10,19,23,6,0,1,0,0,0,0,0,19,19,14,1634954566309,red,NA1_4078758776
56,25892,294,78,28442,29004,345,75,31181,27,4,0,0,0,1,0,0,0,14,12,18,22,6,0,0,1,0,0,0,0,18,17,14,1633575381049,red,NA1_4064066079
57,26183,259,77,26774,30072,323,72,27598,32,6,0,0,0,0,0,0,0,15,20,20,29,10,0,1,0,1,0,1,0,20,23,15,1633564709694,red,NA1_4063954016
58,30446,310,85,31384,26129,306,64,29865,22,3,0,0,0,0,0,1,0,23,25,14,23,6,0,1,0,1,0,0,0,14,11,23,1633367747728,red,NA1_4061542073
59,24313,285,75,26395,28814,288,94,29584,23,6,0,0,0,0,0,0,0,10,10,20,22,5,1,0,1,0,1,0,0,20,20,10,1634018876967,red,NA1_4069153782
60,29380,324,122,33991,20161,229,67,24623,23,5,1,0,1,0,1,1,0,19,12,6,27,2,0,0,0,0,0,0,0,6,6,19,1632973393700,blue,NA1_4057341304
61,25755,322,59,27082,27095,341,84,29055,13,3,0,0,0,0,0,1,0,10,14,14,25,1,0,0,0,1,0,0,0,14,23,10,1632504081881,red,NA1_4051355605
62,26291,347,86,30118,26653,336,89,31572,33,10,0,0,0,0,1,0,0,11,6,13,28,10,0,0,1,1,0,1,0,13,14,11,1632858871867,blue,NA1_4055861091
63,25034,274,80,29711,23855,281,80,29415,26,5,1,0,0,1,0,1,0,16,13,11,18,4,0,0,0,0,0,0,0,11,4,16,1635101841153,red,NA1_4080583576
64,25650,350,104,29514,27064,365,88,30296,26,9,0,1,1,0,0,0,0,8,11,11,26,4,0,0,0,0,1,1,0,11,10,8,1633394610242,red,NA1_4061852198
65,25594,299,85,30021,25322,309,78,30043,29,6,0,0,0,0,0,1,0,12,17,13,27,7,1,0,0,0,0,0,0,13,10,12,1634877496208,blue,NA1_4078144840
66,32125,326,62,29990,28319,287,69,28094,20,7,0,0,0,0,2,1,0,23,27,18,22,2,0,1,0,0,0,0,0,18,30,23,1633467522250,blue,NA1_4062640359
67,27719,363,87,31015,23461,355,100,28878,29,7,0,0,0,0,0,1,0,10,5,6,20,9,0,1,0,1,0,0,0,6,5,10,1633478297816,blue,NA1_4062758298
68,29669,344,96,31209,27378,300,108,29857,20,5,0,1,0,0,0,0,0,17,17,12,18,4,1,0,0,0,0,0,0,12,13,17,1632757840403,red,NA1_4054860502
69,25284,296,80,27108,28180,335,87,30533,22,6,0,0,1,0,0,0,0,10,13,13,18,5,1,0,0,0,1,1,0,13,10,10,1633497658705,blue,NA1_4063200825
70,31668,364,104,33353,25049,282,72,28709,30,6,0,1,1,0,3,1,0,20,11,12,21,2,0,0,0,0,0,0,0,12,14,20,1633641923473,blue,NA1_4064650584
71,28074,340,84,29531,28342,327,56,29024,26,3,0,1,1,0,1,0,0,15,15,14,22,4,0,0,0,0,2,1,0,14,19,15,1634095398804,red,NA1_4069745164
72,27301,346,73,30076,26530,313,74,29120,26,3,0,0,0,0,0,0,0,16,14,12,23,5,0,0,0,1,0,0,0,12,12,16,1636431774696,blue,NA1_4096884980
73,29141,371,99,30546,26709,304,77,29097,28,2,1,0,0,0,1,1,0,11,18,14,18,8,0,0,0,1,1,0,0,14,18,11,1632773009578,blue,NA1_4054946649
74,27114,340,74,26848,27963,313,80,28578,26,4,1,0,0,0,1,0,0,10,19,12,23,7,0,0,0,1,1,1,0,12,12,10,1632783285550,red,NA1_4055042984
75,26370,338,77,29116,24471,288,87,28629,19,3,0,0,0,0,1,1,0,13,9,10,25,3,0,0,1,0,0,0,0,10,4,13,1635227240788,red,NA1_4082276199
76,26068,308,84,30341,26309,322,107,29372,26,6,0,1,0,0,0,0,0,13,11,10,27,4,1,0,0,0,1,1,0,10,3,13,1633554288492,blue,NA1_4063837696
77,31414,311,72,32451,23736,276,56,27037,22,2,0,1,0,0,1,1,0,23,20,9,18,6,0,0,0,0,0,0,0,9,7,23,1634875041125,blue,NA1_4078078696
78,26448,365,91,30034,23693,329,60,29440,25,6,0,0,0,0,0,1,0,10,13,9,20,5,0,1,1,0,0,0,0,9,13,10,1634529972332,blue,NA1_4074448620
79,28157,362,97,30320,21635,306,75,25051,21,6,0,1,0,1,1,1,0,13,17,5,22,3,0,0,0,0,0,0,0,5,8,13,1633566230103,blue,NA1_4063957371
80,22955,359,63,28498,26039,347,108,31821,31,7,0,0,0,0,0,0,0,5,7,9,22,9,1,0,0,1,0,0,0,9,6,5,1633635982595,red,NA1_4064552364
81,25969,326,81,28130,25083,304,70,27457,25,7,1,0,1,0,0,0,0,12,13,9,21,7,0,0,0,0,0,0,0,9,9,12,1632964254445,blue,NA1_4057144817
82,28876,324,55,28526,28278,325,80,29567,21,8,0,0,1,0,0,1,0,15,18,16,18,6,0,0,0,0,1,0,0,16,16,15,1634005579065,blue,NA1_4068893964
83,24701,310,72,27461,25372,270,64,26294,19,1,1,0,0,0,0,0,0,10,8,14,22,4,0,1,0,0,1,1,0,14,14,10,1634074266351,blue,NA1_4069512822
84,23703,278,60,25194,30369,273,83,30110,21,5,0,0,0,0,0,0,0,12,9,21,23,6,0,1,1,0,2,1,0,21,16,12,1634071416979,red,NA1_4069490233
85,30831,299,70,29942,24794,306,72,28048,21,1,0,0,0,0,1,0,0,21,29,12,20,3,0,0,1,0,0,0,0,12,12,21,1635276461633,blue,NA1_4082625326
86,29006,304,92,31795,25820,316,72,28306,21,3,1,1,0,0,1,0,0,16,17,12,23,7,0,0,0,0,0,1,0,12,13,16,1633295826259,red,NA1_4060833887
87,27403,330,88,29507,24097,251,76,28129,27,6,0,1,0,0,0,0,0,14,15,14,23,4,0,0,0,0,1,1,0,14,10,14,1632178841971,blue,NA1_4048023166
88,30363,305,114,32410,23591,297,67,25743,26,7,1,1,0,0,1,1,0,19,16,10,20,5,0,0,0,0,0,0,0,10,7,19,1635542870276,blue,NA1_4085494880
89,24394,285,68,27986,29036,292,61,28685,16,6,0,1,0,0,0,0,0,10,11,21,26,4,0,0,0,0,1,0,0,21,20,10,1634758738742,blue,NA1_4076921517
90,22568,311,72,28320,24422,316,103,28719,23,5,0,0,0,0,0,0,0,7,7,10,21,6,0,0,1,1,0,1,0,10,6,7,1635025728875,red,NA1_4079748815
91,28176,303,73,30963,30056,332,90,33551,27,9,0,0,0,0,0,0,0,15,16,19,24,2,1,0,0,1,0,0,0,19,15,15,1634010028431,red,NA1_4068975121
92,25040,346,77,26955,24744,300,80,28666,25,6,1,0,0,0,0,1,0,9,8,11,27,5,0,0,1,0,0,0,0,11,8,9,1633400997333,red,NA1_4061906347
93,31742,334,88,30233,23549,248,68,24360,23,5,0,0,0,1,3,1,0,20,20,12,21,3,0,0,0,0,0,0,0,12,19,20,1632883605634,blue,NA1_4056201106
94,23393,322,64,26132,30571,359,104,31026,23,9,0,0,0,0,0,0,0,7,6,19,29,5,0,0,0,1,2,1,0,19,22,7,1635277836959,red,NA1_4082607565
95,25873,308,88,26861,27385,296,76,28416,21,5,0,0,0,0,0,0,0,16,21,13,29,3,1,0,0,1,2,1,0,13,15,16,1634184014228,blue,NA1_4070631254
96,25186,280,76,26602,23890,304,72,26862,30,5,0,0,0,0,0,1,0,9,18,8,22,5,0,0,1,0,0,0,0,8,11,9,1634524016800,red,NA1_4074355386
97,26824,298,76,27457,26618,267,68,25448,30,6,1,0,0,0,0,0,0,16,15,15,31,9,0,1,0,0,0,1,0,15,19,16,1636595143494,blue,NA1_4098778351
98,28819,325,72,29461,24304,302,76,28374,22,8,0,0,1,1,2,1,0,17,18,9,24,3,0,0,0,0,0,0,0,9,8,17,1635379720552,blue,NA1_4083651747
99,27738,341,79,31228,26101,348,84,28886,27,5,0,0,0,0,1,1,0,13,12,13,21,6,0,1,0,1,0,0,0,13,19,13,1633311753355,blue,NA1_4061028322
100,28976,346,92,30805,22723,290,80,27091,26,4,1,1,0,0,3,1,0,13,11,5,23,3,0,0,0,0,1,0,0,5,5,13,1629778613276,blue,NA1_4021067963
101,25755,304,95,28705,22699,244,85,26326,28,5,0,0,0,1,1,1,0,9,7,10,26,3,0,1,0,0,0,0,0,10,9,9,1630177477798,blue,NA1_4025592760
102,25855,291,60,27045,30194,293,100,29739,28,5,0,0,0,0,0,0,0,14,20,20,27,8,1,1,0,0,0,1,0,20,19,14,1629843093052,red,NA1_4021711413
103,29532,318,74,32249,23606,292,64,24477,18,12,0,1,0,0,0,0,0,20,17,11,29,4,1,0,0,0,0,1,0,11,15,20,1621817345314,blue,NA1_3917857653
104,28170,284,53,26878,30480,289,88,29482,26,6,0,0,0,0,0,0,0,21,21,18,21,10,0,1,0,1,2,1,0,18,12,21,1630381775199,red,NA1_4028056867
105,27934,224,56,27410,27805,246,52,26138,22,4,0,0,0,0,0,0,0,24,23,19,17,2,0,1,0,0,1,0,0,19,24,24,1621657882166,red,NA1_3915683733
106,30526,326,71,31780,26231,317,91,30328,27,2,0,0,1,0,2,1,0,17,17,11,27,6,0,1,0,0,0,0,0,11,14,17,1630183808531,blue,NA1_4025692490
107,24342,343,77,28634,26850,329,85,30858,23,4,0,0,0,0,1,0,0,9,8,14,25,7,0,1,1,0,1,1,0,14,15,9,1630102616912,red,NA1_4024562751
108,25694,335,99,29830,28075,334,97,32032,27,7,0,1,0,0,1,0,0,10,10,12,23,2,0,0,0,0,2,1,0,12,8,10,1626906164681,red,NA1_3984886164
109,27177,266,84,27845,27233,280,69,26199,28,3,1,0,0,1,0,0,0,15,16,13,21,2,0,0,0,0,1,1,0,13,17,15,1631233459137,blue,NA1_4037757097
110,29724,353,99,32643,27491,317,92,28377,30,3,0,1,1,0,0,1,0,17,16,11,26,4,0,0,0,0,1,0,0,11,15,17,1632169841411,blue,NA1_4047921365
111,30711,338,90,32447,24555,309,76,27948,25,4,0,1,0,0,2,0,0,17,17,10,21,2,0,0,0,0,0,0,0,10,9,17,1625363331875,blue,NA1_3965552115
112,28673,266,38,29762,32465,279,97,32298,22,4,0,0,1,0,1,0,0,20,14,29,25,2,0,0,0,1,2,0,0,29,23,20,1623471903045,red,NA1_3940940576
113,25500,323,84,28185,31380,324,79,30940,23,7,0,0,0,1,0,0,0,11,11,19,29,9,0,0,1,0,3,1,0,19,29,11,1631077719831,red,NA1_4035952983
114,31298,353,78,32133,26625,335,77,27675,24,1,0,0,1,0,1,0,0,18,20,10,20,2,1,0,0,0,1,1,0,10,14,18,1630645692478,blue,NA1_4030921523
115,24723,314,56,26272,33779,329,99,33213,26,8,0,0,0,0,0,0,0,10,9,27,22,6,0,0,1,0,2,0,0,27,25,10,1629229939860,red,NA1_4014190328
116,20508,274,76,25794,29410,378,56,32211,24,4,1,0,0,0,0,0,0,3,3,15,27,5,0,0,1,0,3,1,0,15,12,3,1628014800270,red,NA1_3999139138
117,27837,275,64,28300,26521,315,99,25983,30,4,0,0,1,0,1,1,0,18,24,9,24,8,0,1,0,0,0,0,0,9,7,18,1631495389300,blue,NA1_4040724834
118,29852,353,80,30986,26836,317,94,28990,28,6,0,0,0,0,2,1,0,16,20,10,23,2,1,0,0,1,0,0,0,10,11,16,1631505517121,red,NA1_4040849446
119,34743,321,88,32464,22436,214,59,24739,21,2,0,1,0,1,4,0,0,27,29,8,24,3,0,0,0,0,0,0,0,8,10,27,1621394437557,blue,NA1_3911971935
120,26855,371,77,29148,26384,290,84,29417,25,9,0,0,0,0,1,0,0,9,11,15,27,4,1,0,0,0,0,0,0,15,18,9,1630008258401,blue,NA1_4023650138
121,25316,358,77,29613,25006,346,89,29954,17,7,0,0,0,0,0,0,0,10,4,9,29,3,1,0,0,0,1,1,0,9,6,10,1631570647756,red,NA1_4041404755
122,30113,315,74,30102,25607,259,56,28408,19,8,0,0,0,1,1,1,0,19,25,16,24,2,0,0,0,0,0,0,0,16,19,19,1632176562632,blue,NA1_4048020736
123,26060,336,79,30820,24545,292,69,28109,21,4,0,0,0,0,0,0,0,9,6,10,20,1,0,0,0,1,0,1,0,10,9,9,1631742434664,red,NA1_4043269384
124,27261,305,81,30092,25668,311,88,28727,30,6,0,1,0,0,0,0,0,13,13,17,23,5,0,0,0,0,0,0,0,17,6,13,1631667099861,blue,NA1_4042609405
125,29691,320,98,32737,26026,332,76,29440,28,5,0,1,0,0,0,0,0,19,24,10,26,6,0,0,0,1,1,1,0,10,9,19,1630630305151,blue,NA1_4030645815
126,25646,303,76,29153,29530,390,79,30285,26,2,0,0,0,0,0,1,0,11,13,15,27,4,1,0,0,0,2,0,0,15,17,11,1626908259545,red,NA1_3984899678
127,27689,303,65,30485,25992,287,80,28800,29,4,0,1,0,0,1,1,0,21,18,12,23,2,0,0,1,0,0,0,0,12,8,21,1631659454958,blue,NA1_4042545273
128,25431,308,62,28516,23834,331,95,26632,29,5,1,0,0,1,0,0,0,13,23,3,22,6,0,0,0,0,1,1,0,3,2,13,1631597055352,blue,NA1_4041871320
129,26760,288,52,28376,26235,292,90,28041,23,3,0,0,0,0,0,0,0,14,16,13,28,3,0,0,1,0,0,1,0,13,13,14,1629521660648,blue,NA1_4017639008
130,23772,272,67,26473,33397,337,108,34052,22,4,0,0,0,0,0,0,0,8,9,26,23,2,0,1,0,0,0,1,0,26,19,8,1630262954800,red,NA1_4026523245
131,28211,327,64,31541,30050,327,111,32816,24,5,0,0,0,0,1,0,0,16,11,19,23,4,1,0,0,0,1,1,0,19,12,16,1631594850454,red,NA1_4041816503
132,32216,344,60,29173,25973,207,68,26693,29,4,0,1,0,0,2,1,0,19,16,15,22,4,0,0,0,1,0,0,0,15,19,19,1630209044616,blue,NA1_4026061484
133,28928,303,66,28527,21353,226,71,26402,33,6,1,0,0,0,1,1,0,17,15,8,25,4,0,0,0,0,0,0,0,8,5,17,1629774760069,blue,NA1_4020908464
134,25688,289,59,24932,28753,255,95,28019,27,7,0,0,0,0,1,1,0,12,17,15,28,1,0,0,1,1,2,0,0,15,23,12,1629407543658,red,NA1_4016380920
135,27364,314,48,29112,28855,292,108,30034,17,7,1,0,0,0,1,1,0,15,26,16,25,4,0,0,1,0,0,0,0,16,21,15,1629855959305,red,NA1_4021856107
136,24671,276,56,26785,27459,304,81,31758,33,3,0,1,0,0,0,1,0,13,13,13,17,8,0,0,1,0,1,0,0,13,12,13,1629845725504,red,NA1_4021734288
137,26239,261,86,28981,23654,288,52,27826,21,0,0,0,1,0,0,0,0,14,13,11,20,2,0,0,0,0,1,0,0,11,8,14,1630032586103,red,NA1_4023933924
138,26197,299,80,29162,25034,317,76,28332,24,6,0,0,0,0,1,0,0,12,9,12,31,4,1,1,0,0,0,0,0,12,9,12,1626904269809,blue,NA1_3984922748
139,26589,307,82,28226,26037,324,88,29863,19,2,0,0,0,0,1,0,0,13,14,11,24,2,0,0,0,1,1,1,0,11,5,13,1630379766788,red,NA1_4028080459
140,25490,288,83,29113,26676,313,65,28854,19,4,0,0,0,0,0,0,0,13,19,10,27,5,1,1,0,0,1,1,0,10,10,13,1632107823102,red,NA1_4047482110
141,24571,279,64,29087,22871,258,84,27828,17,0,1,0,0,0,0,0,0,14,12,7,22,3,0,0,1,0,0,0,0,7,6,14,1622599320968,blue,NA1_3929070888
142,24844,267,64,26960,31352,300,92,30274,26,8,0,0,0,0,0,0,0,12,19,19,25,7,1,0,1,0,2,1,0,19,26,12,1621464737915,red,NA1_3913070635
143,27244,373,88,30252,24027,366,72,29782,22,7,1,0,1,0,0,0,0,15,15,8,20,3,0,0,0,0,0,1,0,8,6,15,1630259443791,blue,NA1_4026456736
144,28630,293,64,28613,26769,276,67,27539,22,6,1,0,0,1,2,1,0,18,17,11,21,4,0,0,0,0,1,0,0,11,14,18,1622337136583,red,NA1_3925311180
145,25358,383,95,31146,24903,339,104,30720,25,5,0,0,0,0,1,1,0,6,9,10,25,7,0,0,1,1,0,0,0,10,9,6,1629847930138,red,NA1_4021738776
146,27297,362,76,30426,25388,328,96,28349,26,9,1,0,0,0,1,0,0,13,12,6,23,7,0,0,1,0,0,1,0,6,12,13,1625248395961,blue,NA1_3963990534
147,24683,336,99,29812,21977,282,68,26493,28,10,0,0,1,0,0,0,0,8,5,4,32,3,0,0,0,0,1,1,0,4,0,8,1630124141169,blue,NA1_4025155594
148,21656,306,76,25189,33328,378,76,35097,30,4,0,0,0,0,0,0,0,4,3,22,26,10,0,1,0,0,2,0,0,22,22,4,1629170999150,red,NA1_4013564893
149,25650,357,88,27943,22345,356,67,28187,28,6,1,0,0,1,1,1,0,9,8,4,28,10,0,0,0,0,0,0,0,4,4,9,1629427821384,blue,NA1_4016651428
150,27454,326,75,30066,25893,339,90,29805,24,4,0,0,1,0,1,1,0,14,14,11,26,4,0,1,0,0,0,0,0,11,11,14,1629662052786,blue,NA1_4019409167
151,27661,290,97,30487,25795,262,62,26996,25,8,0,0,1,1,1,0,0,15,10,15,32,6,0,0,0,0,0,1,0,15,17,15,1629259906448,blue,NA1_4014611340
152,22693,317,92,30769,24293,329,100,29803,30,3,0,0,1,0,0,1,0,5,7,7,22,2,0,1,0,0,0,0,0,7,6,5,1628029221333,red,NA1_3999314380
153,24406,325,77,29285,22388,301,82,27835,24,3,0,0,0,0,0,0,0,10,8,5,27,6,1,0,0,1,0,1,0,5,4,10,1621733370244,blue,NA1_3916775044
154,24367,306,87,28886,27989,313,94,29981,26,9,0,1,0,0,0,0,0,11,11,14,30,2,0,0,0,0,1,1,0,14,16,11,1631592828058,blue,NA1_4041800957
155,30032,325,78,31425,24619,267,52,25102,27,6,0,1,0,0,0,0,0,18,22,14,24,6,1,0,0,0,0,0,0,14,18,18,1625509066244,blue,NA1_3967288146
156,29142,327,89,30039,25516,312,60,27138,25,6,0,1,0,0,2,1,0,16,16,13,25,6,0,0,1,0,0,0,0,13,15,16,1632172107154,blue,NA1_4047913974
157,26685,380,64,31927,24802,340,74,26899,26,5,0,0,1,1,0,0,0,11,10,5,20,7,0,0,0,0,2,1,0,5,1,11,1625422264967,red,NA1_3966099257
158,27627,309,71,28714,26330,293,76,29286,24,10,1,0,0,1,1,1,0,13,7,14,29,5,0,0,0,0,0,0,0,14,17,13,1630211595239,red,NA1_4026076445
159,22480,304,79,26406,31240,326,96,32748,22,3,0,0,0,0,0,0,0,6,1,19,32,6,0,1,1,0,2,1,0,19,19,6,1621368571079,red,NA1_3911529586
160,30723,287,91,31171,23902,249,49,26873,25,2,0,1,0,0,2,1,0,19,21,12,24,1,0,0,0,0,0,0,0,12,8,19,1621570365624,red,NA1_3914555965
161,25862,300,88,29293,28474,311,76,31069,25,6,0,0,0,0,0,1,0,12,7,14,25,4,1,0,0,1,1,0,0,14,16,12,1628186642170,blue,NA1_4001324676
162,26187,322,64,29881,27293,364,88,29633,24,11,1,0,0,0,0,0,0,11,7,13,29,2,0,0,0,0,0,1,0,13,14,11,1629405285385,red,NA1_4016318017
163,26503,233,60,28389,30283,319,64,30929,21,4,0,1,0,0,0,0,0,19,15,20,23,7,0,0,0,0,1,1,0,20,11,19,1621393232962,red,NA1_3911944483
164,27955,299,88,29047,25498,281,52,27023,29,5,0,0,1,1,0,0,0,16,15,14,23,5,0,0,0,0,0,0,0,14,15,16,1622601471401,red,NA1_3929045382
165,27263,263,64,25756,29100,285,111,30221,26,2,0,0,0,1,1,0,0,16,20,18,21,4,1,0,0,0,0,1,0,18,21,16,1629939183246,red,NA1_4022958957
166,26668,326,84,29639,26621,329,91,28966,22,4,0,0,0,0,1,1,0,11,16,12,29,6,0,1,0,0,1,0,0,12,11,11,1630105218297,blue,NA1_4024605020
167,21495,279,63,26713,27271,315,88,30502,18,2,0,0,0,0,0,0,0,7,4,13,25,2,0,0,0,0,0,0,0,13,15,7,1623363990143,red,NA1_3939343666
168,24668,311,80,27605,19577,231,68,25105,24,6,1,0,0,1,1,0,0,10,9,5,28,2,0,0,0,0,0,0,0,5,5,10,1630029793567,red,NA1_4023885992
169,24649,264,57,25084,29585,305,76,30218,21,5,0,0,0,0,0,1,0,12,15,19,23,3,0,0,0,1,2,0,0,19,28,12,1630185988131,red,NA1_4025696509
170,33227,365,110,35157,22365,292,77,27497,26,3,0,0,0,0,3,1,0,20,18,8,16,6,0,0,0,0,0,0,0,8,7,20,1631665340524,blue,NA1_4042626539
171,28004,307,72,30801,24929,287,78,30366,19,4,0,0,0,0,0,1,0,16,11,13,19,3,0,0,0,1,0,0,0,13,8,16,1625266237226,red,NA1_3964187253
172,27485,244,83,27372,29940,362,58,27736,23,3,0,0,0,1,1,1,0,15,22,15,20,7,0,0,1,0,1,0,0,15,20,15,1627695817738,red,NA1_3995230048
173,26126,291,111,28790,29186,339,112,32264,24,6,0,0,0,0,1,1,0,8,9,19,29,4,1,0,1,0,0,0,0,19,9,8,1628184592272,blue,NA1_4001351244
174,24469,357,68,29753,24775,338,96,30394,25,8,0,0,0,1,1,1,0,6,6,8,25,9,0,0,1,0,0,0,0,8,10,6,1631664026493,blue,NA1_4042652157
175,26490,314,84,26867,23777,288,86,27152,21,3,0,0,0,0,2,1,0,9,8,10,25,3,0,0,1,0,0,0,0,10,15,9,1629924851832,blue,NA1_4022843910
176,23660,284,80,26369,27689,338,102,29790,26,7,0,0,1,0,0,0,0,10,19,12,28,6,1,0,0,0,1,0,0,12,11,10,1621217403157,blue,NA1_3909414880
177,26200,296,72,27472,27135,320,80,31080,21,2,0,0,0,0,1,0,0,12,15,17,22,4,1,0,1,0,0,0,0,17,14,12,1632110134771,red,NA1_4047478376
178,23847,385,72,27547,24958,367,100,29515,29,5,1,0,0,0,1,0,0,4,2,7,24,5,0,0,1,0,0,0,0,7,6,4,1621194834494,blue,NA1_3909084260
179,27792,339,86,30696,27645,323,74,28748,15,4,0,0,0,0,0,0,0,14,23,14,19,2,0,0,1,1,0,1,0,14,18,14,1629145398192,red,NA1_4013179085
180,23428,276,64,25756,28304,330,108,31928,20,5,0,0,0,0,1,1,0,6,11,15,27,3,1,0,0,0,0,0,0,15,13,6,1629511580454,red,NA1_4017533504
181,24312,326,64,28885,25775,287,75,29176,23,7,0,0,0,0,0,0,0,7,10,13,28,8,0,1,0,0,0,1,0,13,12,7,1631854153731,red,NA1_4044494599
182,31226,340,77,34204,27479,306,53,28178,14,5,0,1,0,0,1,0,0,25,19,12,29,3,0,0,0,1,1,1,0,12,13,25,1629860413405,red,NA1_4021899182
183,29739,293,102,30293,24617,333,62,26681,20,5,0,0,1,0,1,0,0,16,15,10,25,3,1,0,0,0,1,1,0,10,6,16,1630441620888,blue,NA1_4028562942
184,27035,317,78,27482,25662,349,80,28450,32,3,0,0,0,0,0,0,0,14,16,11,25,7,0,1,0,0,0,1,0,11,6,14,1625452682613,red,NA1_3966488420
185,30022,322,87,31276,23537,244,95,26664,20,3,0,0,0,1,0,1,0,19,19,10,22,2,0,0,1,0,0,0,0,10,8,19,1632019563769,blue,NA1_4046244234
186,26403,312,62,28399,29386,316,65,30784,26,7,0,1,1,0,0,0,0,15,17,15,22,5,0,0,0,0,1,1,0,15,14,15,1629489436147,blue,NA1_4017244694
187,27648,325,88,28610,29761,344,79,31839,19,6,0,0,1,0,1,1,0,11,9,20,28,2,0,0,0,0,1,0,0,20,20,11,1631492376546,blue,NA1_4040698420
188,26694,334,100,30659,24947,377,88,30600,23,1,0,0,1,0,1,1,0,10,15,6,21,6,1,0,0,0,1,0,0,6,3,10,1621466578315,blue,NA1_3913014931
189,28898,296,63,29059,26527,291,97,27728,25,6,0,0,0,0,1,0,0,19,15,14,27,4,1,0,0,0,0,1,0,14,18,19,1631471173474,blue,NA1_4040470734
190,22752,306,89,26653,25327,290,52,26891,28,6,0,1,0,1,0,0,0,5,4,12,27,5,0,0,0,0,1,0,0,12,14,5,1628102732247,blue,NA1_4000398716
191,23741,307,67,27311,27147,326,67,28202,20,5,0,1,0,0,0,0,0,11,6,15,29,3,0,0,1,0,1,1,0,15,16,11,1626062320830,red,NA1_3974340051
192,28826,282,72,29827,29388,296,72,28212,26,5,0,1,0,0,1,1,0,17,19,17,27,8,0,0,0,1,2,0,0,17,13,17,1631748224851,blue,NA1_4043348149
193,27033,320,56,29989,24373,294,79,27355,34,12,0,0,0,0,0,0,0,16,13,11,26,9,1,0,0,0,0,0,0,11,14,16,1631745118086,red,NA1_4043313944
194,27783,283,80,28250,25160,280,80,27408,24,12,0,0,1,1,1,0,0,18,20,12,32,3,0,0,0,0,0,0,0,12,15,18,1629319517764,blue,NA1_4015127029
195,29547,347,55,30601,22102,274,58,25617,27,5,0,0,0,1,1,0,0,17,19,9,25,5,0,0,0,0,0,0,0,9,11,17,1631572888635,red,NA1_4041418216
196,24625,340,76,28154,27086,342,100,29962,27,8,0,1,0,0,0,0,0,9,16,9,24,4,0,0,0,1,2,1,0,9,8,9,1629857790249,red,NA1_4021912736
197,25201,339,76,27876,28930,342,76,28278,26,3,0,0,1,0,0,0,0,9,20,13,25,8,0,1,0,0,3,1,0,13,7,9,1621370323144,red,NA1_3911582283
198,28743,304,65,30010,22476,219,67,24914,17,1,0,0,0,0,3,0,0,20,4,10,17,1,0,0,1,0,0,0,0,10,7,20,1619577648909,blue,NA1_3883857767
199,28697,342,86,31253,27134,283,96,28787,27,3,0,0,1,1,2,0,0,13,13,13,24,6,0,0,0,0,1,1,0,13,18,13,1618345485630,blue,NA1_3865158344
200,31306,288,85,30031,27634,311,84,28665,23,5,0,1,1,0,2,1,0,21,23,16,22,3,0,0,0,0,0,0,0,16,16,21,1620517850155,blue,NA1_3899079433
201,27848,274,81,29100,32081,328,68,29778,19,5,0,0,0,0,0,0,0,17,17,23,21,4,0,0,0,1,2,0,0,23,21,17,1619152470581,blue,NA1_3877728171
202,21764,259,49,24604,31883,323,95,31909,18,3,0,1,0,0,0,0,0,7,10,22,21,3,0,0,0,1,3,1,0,22,16,7,1617937725803,red,NA1_3859310329
203,28019,315,72,28797,26887,281,85,28789,21,6,0,1,0,0,0,0,0,17,16,15,31,5,0,0,1,0,0,1,0,15,17,17,1620796506091,red,NA1_3903222072
204,21741,295,68,27371,28054,338,98,31408,25,4,0,0,0,0,0,0,0,6,2,14,29,6,0,1,0,0,1,1,0,14,11,6,1618713017945,red,NA1_3871259692
205,25999,256,80,27438,28077,332,60,29265,25,2,0,1,0,0,0,0,0,15,14,17,25,5,0,0,0,1,0,0,0,17,12,15,1618284806477,red,NA1_3864465664
206,21055,229,76,23958,30446,339,86,33395,17,3,0,0,0,0,0,0,0,6,8,19,26,3,0,0,1,0,1,1,0,19,14,6,1620794171991,red,NA1_3903056549
207,24949,295,74,28036,28357,324,71,29905,26,4,0,0,0,1,0,0,0,11,15,17,19,8,0,0,0,0,1,1,0,17,18,11,1619149428493,red,NA1_3877691161
208,22983,289,88,26122,30333,342,84,31524,26,2,0,0,0,0,0,0,0,5,4,18,24,7,0,1,1,0,3,1,0,18,13,5,1618777620023,red,NA1_3872133095
209,21412,322,75,26562,30753,366,84,31553,19,4,0,0,0,0,0,0,0,5,5,17,29,4,0,0,1,1,3,1,0,17,14,5,1618798861454,red,NA1_3872555227
210,25517,289,60,28594,26129,314,52,28927,24,2,0,0,0,0,0,0,0,15,11,10,21,4,0,0,1,0,1,1,0,10,13,15,1621057795760,blue,NA1_3907144833
211,26337,305,64,29762,28172,338,96,29960,30,2,0,0,0,0,1,0,0,14,17,12,20,9,0,1,1,0,1,1,0,12,12,14,1619992192805,blue,NA1_3890961549
212,27262,295,64,26674,25055,301,76,27686,25,5,0,0,0,0,1,0,0,14,17,15,30,6,0,0,1,0,0,0,0,15,12,14,1620195657719,blue,NA1_3894503042
213,22059,314,72,26773,27511,365,108,31650,33,8,0,0,0,0,0,0,0,4,3,16,36,10,0,0,1,1,0,1,0,16,17,4,1617220809578,red,NA1_3848428470
214,27021,302,84,30214,22048,318,87,28659,25,2,0,1,0,0,0,0,0,15,15,5,17,5,0,0,0,0,0,0,0,5,3,15,1617487625733,blue,NA1_3852469074
215,27617,302,112,30324,24261,302,64,28715,24,6,0,0,0,0,2,1,0,12,6,13,23,4,1,1,0,0,0,0,0,13,11,12,1617941670604,blue,NA1_3859327962
216,30777,377,64,30941,26098,302,88,29446,26,7,0,1,0,0,2,1,0,19,20,13,30,5,0,0,0,1,0,0,0,13,19,19,1617744619389,blue,NA1_3856247618
217,21553,327,47,25818,27180,318,109,29572,20,3,0,0,0,0,0,0,0,6,1,15,23,5,0,1,0,0,1,0,0,15,9,6,1617418741367,red,NA1_3851521578
218,21701,300,75,27680,25149,346,89,29584,25,5,0,1,0,0,0,0,0,5,6,11,22,6,1,0,0,0,0,1,0,11,5,5,1617680372433,red,NA1_3855576329
219,28675,322,68,29782,25850,288,71,28855,26,9,0,0,0,1,1,1,0,17,13,14,30,4,1,0,0,0,0,0,0,14,15,17,1617486247665,blue,NA1_3852504343
220,24418,355,104,28330,22527,291,84,28251,31,5,0,0,1,1,1,0,0,6,2,7,27,4,0,0,0,0,0,1,0,7,4,6,1618086457563,blue,NA1_3861345498
221,27111,318,85,31590,24294,333,100,29930,27,6,0,0,1,0,0,1,0,17,21,7,25,6,0,0,0,0,0,0,0,7,8,17,1620327713370,blue,NA1_3896080108
222,29097,308,64,31164,26253,332,66,29084,21,5,1,1,0,0,0,0,0,22,24,13,25,1,0,0,0,0,0,0,0,13,12,22,1619582137068,blue,NA1_3883949518
223,26569,305,88,29206,29766,357,96,30735,24,5,1,0,1,0,1,0,0,13,11,13,27,2,0,0,0,0,2,1,0,13,16,13,1620446388312,blue,NA1_3898022576
224,25426,342,66,30470,25555,341,84,28597,27,7,1,0,0,1,0,0,0,13,17,11,25,5,0,0,0,0,0,0,0,11,12,13,1617851720854,red,NA1_3857974010
225,24738,304,79,29180,24724,299,68,26271,21,2,0,0,0,0,1,1,0,7,5,10,19,2,1,0,0,0,1,0,0,10,15,7,1620875957614,blue,NA1_3904547147
226,28010,269,68,28928,25716,198,68,25586,21,3,1,0,0,0,0,0,0,23,15,16,16,4,0,1,0,0,0,1,0,16,12,23,1617082395853,red,NA1_3846438190
227,25569,312,86,27482,29523,300,97,31074,26,10,1,0,0,0,0,1,0,9,8,19,26,10,0,0,1,0,1,0,0,19,22,9,1619575805687,blue,NA1_3883808846
228,27666,294,56,25584,27168,256,100,27699,18,0,0,0,0,0,1,0,0,14,15,16,15,1,1,1,0,0,0,0,0,16,17,14,1618286956226,red,NA1_3864561231
229,30074,292,93,32716,26119,322,48,27494,31,7,0,0,0,0,1,1,0,20,12,15,21,7,0,1,0,1,0,0,0,15,15,20,1619994719918,blue,NA1_3890918963
230,21600,275,74,24213,29756,339,84,32752,26,5,0,0,0,0,0,1,0,4,5,19,32,5,1,1,0,0,1,0,0,19,18,4,1617826700062,red,NA1_3857537822
231,27231,328,72,28373,27862,255,70,26622,23,5,0,0,0,0,1,0,0,12,14,19,21,9,0,0,1,0,1,1,0,19,28,12,1618887407990,red,NA1_3873853335
232,25972,264,76,29985,23310,226,76,26297,24,0,0,0,0,1,1,0,0,14,12,10,20,2,0,0,0,0,0,0,0,10,13,14,1619579863513,red,NA1_3883951635
233,23498,347,76,29143,24309,337,80,30913,28,3,0,0,0,1,0,0,0,7,4,8,25,7,0,0,0,0,0,1,0,8,7,7,1618110941233,red,NA1_3861862272
234,22181,242,76,25880,27284,316,82,30436,19,0,1,0,1,0,0,1,0,6,11,21,21,0,0,0,0,0,0,0,0,21,20,6,1617076761288,red,NA1_3846409973
235,27060,347,93,31372,23960,310,72,30243,15,1,0,0,0,0,0,0,0,13,13,11,15,4,0,0,0,1,0,1,0,11,11,13,1618441971909,blue,NA1_3866870334
236,25502,328,73,26931,26865,297,96,30215,20,7,0,1,0,0,1,1,0,6,8,16,23,7,0,0,1,0,0,0,0,16,36,6,1617046078036,blue,NA1_3845643974
237,27837,274,47,27815,30865,295,68,29478,23,3,0,0,0,0,0,0,0,20,20,22,21,8,1,0,0,0,2,1,0,22,24,20,1620963318081,red,NA1_3905959859
238,24360,304,83,26925,30514,320,83,29594,27,8,0,0,0,0,0,0,0,10,4,18,31,5,0,1,0,1,2,1,0,18,23,10,1618463779509,red,NA1_3867270753
239,23928,321,81,28060,24770,320,90,30421,19,6,0,0,0,1,0,0,0,7,10,11,30,4,1,0,0,0,0,0,0,11,5,7,1617556399531,red,NA1_3853583342
240,21871,293,76,27824,27701,304,91,31510,23,4,1,0,0,0,1,1,0,4,0,15,21,3,0,0,0,0,2,0,0,15,11,4,1620191315463,red,NA1_3894394862
241,25343,341,72,29863,25103,303,48,27457,28,5,0,0,0,1,0,0,0,10,7,10,24,6,0,0,0,0,1,0,0,10,14,10,1618715690121,blue,NA1_3871345719
242,28740,348,80,29753,27468,323,68,29850,12,2,0,0,1,0,0,1,0,18,14,12,18,1,0,0,0,1,1,0,0,12,17,18,1617243985544,red,NA1_3848788657
243,24234,264,76,28450,27616,340,84,30162,27,4,0,0,0,0,0,0,0,11,13,11,24,7,0,0,1,1,2,0,0,11,9,11,1620240750175,red,NA1_3894955353
244,28549,316,73,29867,25621,342,88,27164,27,1,0,1,0,0,2,1,0,13,21,8,20,2,0,0,1,0,1,0,0,8,5,13,1620322422138,blue,NA1_3896013465
245,27013,314,71,27629,25147,365,68,28522,24,1,0,1,0,0,2,0,0,16,18,7,19,0,0,0,0,0,1,1,0,7,6,16,1617224919547,red,NA1_3848485796
246,25740,305,84,28036,22923,256,90,27336,21,7,0,0,1,0,1,0,0,12,11,8,29,3,1,0,0,0,0,0,0,8,11,12,1617728419712,red,NA1_3856130045
247,33282,363,93,33656,23374,271,100,25733,30,7,0,1,1,0,3,1,0,22,28,9,28,8,0,0,0,0,0,0,0,9,17,22,1620932986252,blue,NA1_3905235530
248,22465,310,61,25187,26869,349,66,30076,27,2,0,0,0,0,0,1,0,7,8,13,22,3,0,0,1,0,0,0,0,13,15,7,1620248158164,red,NA1_3895040780
249,26113,322,115,31098,21525,265,64,27816,21,5,0,0,0,0,0,0,0,13,8,6,21,2,0,1,0,0,0,0,0,6,2,13,1619064049995,blue,NA1_3876364651
250,27542,302,91,28535,21680,311,60,25142,24,4,0,0,0,0,1,1,0,12,22,6,26,6,0,0,1,1,0,0,0,6,8,12,1616991567578,blue,NA1_3845077746
251,27368,388,78,32665,21729,291,88,28043,28,12,1,0,0,0,2,0,0,11,10,4,28,5,0,0,0,0,0,0,0,4,4,11,1621018852491,blue,NA1_3906547142
252,22508,249,60,23963,26215,291,68,27432,23,3,1,0,0,0,0,0,0,14,15,10,16,0,0,0,0,0,2,0,0,10,3,14,1618639742155,red,NA1_3870135190
253,23925,311,93,27925,31214,369,84,31458,27,7,0,0,0,1,0,0,0,8,12,17,26,8,0,0,1,0,2,1,0,17,26,8,1618193557011,red,NA1_3863033146
254,21670,308,62,24198,29970,281,108,31309,23,4,0,0,0,0,0,0,0,5,5,21,16,5,0,1,0,1,1,1,0,21,19,5,1617939128728,red,NA1_3859323547
255,31974,434,114,35518,21078,332,76,26550,26,7,0,0,0,0,2,1,0,16,12,3,19,3,0,0,1,0,0,0,0,3,2,16,1620153029318,blue,NA1_3893501869
256,27713,250,77,25985,28542,251,47,27138,26,6,1,0,0,0,1,1,0,19,16,22,18,4,0,0,0,0,0,0,0,22,23,19,1617769906178,red,NA1_3856882414
257,26363,300,99,27524,25557,334,104,29543,30,6,0,0,0,0,1,1,0,9,12,10,21,3,1,0,0,1,1,0,0,10,2,9,1620935385096,red,NA1_3905269851
258,20835,250,76,25918,25465,315,63,29070,13,1,1,0,0,0,0,1,0,6,5,11,20,1,0,0,0,0,2,0,0,11,5,6,1620175460012,red,NA1_3893814728
259,28730,263,92,28994,25478,277,72,26159,22,3,0,0,1,1,0,0,0,21,22,10,24,3,0,0,0,0,1,0,0,10,6,21,1620171464228,red,NA1_3893762488
260,22616,256,60,26155,28036,290,76,27581,22,7,0,0,0,0,0,0,0,11,12,15,22,6,1,0,0,1,1,0,0,15,16,11,1618637962681,red,NA1_3870120121
261,29079,345,92,30941,29056,319,84,31060,25,4,0,0,0,1,1,1,0,15,12,15,22,6,0,1,0,0,1,0,0,15,15,15,1619108825851,red,NA1_3877079347
262,25360,357,72,30247,26167,329,72,29805,22,10,0,0,0,1,0,0,0,11,7,12,27,8,0,0,1,0,0,0,0,12,18,11,1616709202481,red,NA1_3840854548
263,23376,359,70,27743,24150,312,125,28874,26,9,1,0,0,0,0,0,0,8,8,7,25,6,0,0,1,0,1,1,0,7,5,8,1620612564313,red,NA1_3900461231
264,25214,306,87,29138,24581,333,63,27199,24,11,0,1,0,0,0,0,0,11,13,8,34,8,1,0,0,0,1,1,0,8,6,11,1618341461375,blue,NA1_3865170544
265,34334,307,75,30111,23896,238,68,24980,22,2,0,0,1,0,4,1,0,25,30,10,19,2,1,0,0,0,0,0,0,10,21,25,1620521280870,blue,NA1_3899224993
266,23329,273,60,23544,28219,285,54,26893,22,1,1,0,0,0,0,0,0,10,23,19,24,5,0,0,0,1,0,0,0,19,33,10,1617416442437,red,NA1_3851406345
267,27170,340,84,29931,23537,342,72,28652,27,10,0,1,0,1,1,1,0,12,21,8,26,6,0,0,0,0,0,0,0,8,8,12,1618108528038,blue,NA1_3861804558
268,23345,305,64,27060,26250,302,112,31440,26,3,0,0,0,0,0,0,0,8,7,13,21,3,0,1,0,0,0,0,0,13,12,8,1618343348534,red,NA1_3865165021
269,22944,352,93,29111,27826,384,96,31890,18,6,0,0,0,0,0,0,0,4,5,12,26,3,0,0,0,1,1,1,0,12,8,4,1617558282795,red,NA1_3853595182
270,29007,344,96,32153,25829,277,60,28717,27,4,1,0,0,0,0,0,0,21,14,14,27,7,0,1,0,0,0,1,0,14,13,21,1620621024142,blue,NA1_3900626615
271,28988,330,62,28736,22270,286,73,26416,32,5,0,1,0,0,1,1,0,17,22,7,22,8,0,0,1,0,0,0,0,7,2,17,1620584629408,blue,NA1_3900052851
272,27175,354,84,30408,28587,324,87,29643,26,3,1,0,1,0,0,0,0,11,11,16,29,4,0,0,0,0,1,1,0,16,19,11,1617656569555,red,NA1_3855096871
273,25743,355,85,29708,24089,337,69,27654,28,7,1,0,0,0,1,1,0,9,6,10,29,10,0,1,0,0,0,0,0,10,10,9,1618084256351,blue,NA1_3861268203
274,25800,284,64,28749,24823,255,83,27747,19,1,0,0,0,0,0,0,0,14,9,13,16,1,1,0,0,0,1,0,0,13,7,14,1620523542483,red,NA1_3899229245
275,26898,279,88,27817,28166,342,80,30026,31,8,0,1,0,0,0,1,0,14,17,16,26,13,1,0,0,0,1,0,0,16,15,14,1617643567018,red,NA1_3854874922
276,25635,303,88,28603,29171,350,69,29525,25,2,0,0,0,0,0,0,0,12,13,13,25,5,0,0,1,1,3,1,0,13,14,12,1616986816596,red,NA1_3844964787
277,30049,293,78,28848,22089,211,55,23761,25,3,1,0,1,0,3,1,0,19,15,9,24,5,0,0,0,0,0,0,0,9,14,19,1620155111124,blue,NA1_3893494790
278,24574,246,67,23461,32122,320,84,32022,23,6,1,0,0,0,0,0,0,13,13,25,24,6,0,0,0,0,2,1,0,25,24,13,1620519325799,red,NA1_3899182010
279,25616,263,88,28002,26361,333,52,29239,21,2,0,0,1,0,0,0,0,14,16,15,20,4,0,0,0,0,0,1,0,15,10,14,1619666176096,blue,NA1_3885406371
280,22755,286,64,27193,25135,334,96,28922,20,8,0,0,0,0,0,0,0,9,11,8,22,7,0,0,1,0,0,1,0,8,6,9,1618597390100,red,NA1_3869452024
281,24362,293,62,27169,27297,311,78,29723,20,8,0,1,0,1,0,0,0,13,12,12,28,8,0,0,0,0,1,0,0,12,16,13,1617079752965,blue,NA1_3846398468
282,26340,346,84,30586,24585,287,96,28880,24,8,1,0,0,0,0,0,0,13,11,10,29,3,0,0,0,0,0,1,0,10,6,13,1620674110556,blue,NA1_3901374891
283,24839,272,84,27084,26490,281,72,30501,28,3,1,0,1,0,0,0,0,13,16,17,24,2,0,0,0,0,0,1,0,17,16,13,1620707177304,red,NA1_3901961949
284,26911,340,72,29771,23420,314,96,27178,26,6,0,1,0,0,1,1,0,12,9,6,24,5,0,0,1,0,0,0,0,6,9,12,1619660624909,red,NA1_3885297913
285,22525,320,76,26949,28897,371,96,31027,22,2,0,0,0,0,1,1,0,4,6,15,23,7,1,1,0,0,1,0,0,15,22,4,1617222443998,red,NA1_3848463003
286,34307,293,97,32961,23456,230,43,23592,27,5,1,0,0,0,2,1,0,27,28,12,20,4,0,0,0,0,0,0,0,12,17,27,1618885246403,blue,NA1_3873769457
287,28589,323,46,28491,25776,221,88,26713,24,2,1,0,0,0,1,0,0,17,20,15,22,3,0,0,0,0,1,1,0,15,15,17,1620178391102,blue,NA1_3893844849
288,33112,308,115,33465,22709,187,56,24195,21,1,1,0,0,0,2,0,0,27,21,11,11,0,0,0,0,0,0,0,0,11,9,27,1618641771919,blue,NA1_3870191590
289,23454,334,72,27824,23028,249,72,26967,22,6,0,0,0,0,0,0,0,7,8,9,21,2,0,1,0,0,0,0,0,9,15,7,1619662890955,red,NA1_3885367715
290,26358,298,58,29986,25380,301,78,28748,24,7,0,0,0,0,0,0,0,14,20,9,24,6,0,1,1,0,0,0,0,9,12,14,1618439991042,blue,NA1_3866796169
291,19668,294,67,25300,28475,334,104,31125,22,4,0,1,0,0,0,0,0,3,2,11,23,3,1,0,0,0,2,1,0,11,17,3,1621191931757,red,NA1_3909051362
292,22551,273,76,25176,25431,324,83,30793,21,2,0,1,0,0,0,1,0,8,7,14,16,1,1,0,0,0,0,0,0,14,6,8,1617413564033,red,NA1_3851395061
293,26580,290,65,29983,29730,322,81,32312,24,4,0,0,0,0,0,0,0,14,12,19,25,6,1,0,1,0,1,1,0,19,13,14,1621143464788,red,NA1_3908590225
294,24814,314,80,28207,26629,299,93,32134,28,7,0,0,0,1,0,0,0,10,8,16,25,6,0,0,0,0,1,1,0,16,12,10,1620681291368,red,NA1_3901476914
295,30722,305,89,31347,25593,320,88,28965,28,8,1,0,0,1,2,0,0,21,21,14,23,2,0,0,0,0,0,0,0,14,9,21,1620679030680,blue,NA1_3901473614
296,26674,362,57,30289,22574,323,71,25932,21,7,0,1,0,0,1,0,0,13,14,5,24,4,0,0,0,0,0,1,0,5,6,13,1618088111868,blue,NA1_3861419817
297,23039,334,70,28812,25297,309,84,28525,21,5,0,0,0,0,0,0,0,7,3,11,21,8,1,0,1,0,1,1,0,11,5,7,1616301748172,red,NA1_3834924809
298,28369,374,112,30274,21459,319,76,25783,26,3,0,1,0,1,1,0,0,12,16,3,18,5,0,0,0,0,0,1,0,3,2,12,1613875689173,blue,NA1_3796541921
299,26493,375,93,30049,22842,325,58,27398,25,3,0,0,1,0,0,0,0,11,15,6,20,9,1,0,0,0,0,0,0,6,6,11,1615423795415,blue,NA1_3819843099
300,23834,281,84,28806,25605,297,88,28861,25,4,0,0,0,0,0,0,0,11,8,8,22,1,0,1,0,1,1,0,0,8,8,11,1616129907336,red,NA1_3832134628
301,25346,252,59,28731,27447,328,67,28050,17,10,0,0,0,0,0,0,0,14,14,13,29,3,0,1,0,0,1,0,0,13,16,14,1615570668111,red,NA1_3822287992
302,22867,326,98,25882,23489,335,92,27445,22,4,0,0,0,1,0,0,0,4,7,6,23,5,1,0,0,0,0,0,0,6,13,4,1614357520850,blue,NA1_3803904343
303,22758,264,56,25952,29774,374,88,33061,23,4,0,0,0,0,0,0,0,7,8,21,21,4,0,0,1,1,1,1,0,21,12,7,1615222871635,blue,NA1_3816915501
304,23840,305,64,26041,27112,313,80,28292,21,1,1,0,0,0,0,0,0,9,12,15,18,4,0,0,1,0,1,1,0,15,23,9,1616210798790,red,NA1_3833265558
305,27883,393,79,30494,23598,330,73,27980,26,6,1,0,1,0,1,1,0,12,14,8,24,8,0,0,0,0,0,0,0,8,11,12,1615421746958,blue,NA1_3819819791
306,28636,332,111,30492,29155,285,88,29557,28,6,0,0,0,0,0,0,0,15,10,17,30,7,1,1,0,0,1,1,0,17,18,15,1613520436367,red,NA1_3790797634
307,29745,301,73,29082,24785,233,44,22578,24,5,1,0,0,0,0,0,0,24,21,12,27,5,0,0,0,0,0,0,0,12,13,24,1616192603499,blue,NA1_3832931698
308,29682,284,83,28754,28125,283,90,29682,28,4,1,0,1,0,2,1,0,19,14,17,20,4,0,0,0,0,0,0,0,17,22,19,1615158188654,red,NA1_3815753672
309,24112,289,96,26594,26364,297,74,26836,21,2,0,0,1,0,0,1,0,12,17,9,20,3,0,1,0,0,1,0,0,9,10,12,1613513604801,red,NA1_3790654788
310,28929,324,60,27490,23828,310,87,25732,31,2,0,1,0,1,2,0,0,20,20,10,23,6,0,0,0,0,0,0,0,10,13,20,1614360117420,blue,NA1_3803918872
311,28398,268,76,28267,26021,255,32,24576,23,2,1,0,1,0,1,0,0,16,20,19,20,2,0,0,0,0,1,0,0,19,17,16,1616048666344,blue,NA1_3830723185
312,31408,369,114,31191,21723,260,68,23573,26,6,1,0,0,0,2,1,0,19,21,8,23,3,0,0,0,0,0,0,0,8,9,19,1615494504915,blue,NA1_3821169947
313,24800,334,56,28404,26320,314,84,30476,22,5,0,0,0,0,1,1,0,9,5,14,29,6,1,0,0,1,0,0,0,14,19,9,1616270038370,red,NA1_3834328128
314,25586,324,76,27668,25170,288,92,27814,28,5,0,0,0,1,0,0,0,11,19,11,22,3,0,1,0,0,1,1,0,11,9,11,1613596493397,blue,NA1_3792018808
315,29554,299,80,29810,25710,282,76,27996,30,3,1,0,0,1,2,1,0,18,26,14,30,9,0,0,0,0,0,0,0,14,12,18,1615181222802,blue,NA1_3816260562
316,28116,267,72,26334,29817,273,84,30970,18,2,0,0,0,0,2,1,0,14,17,22,22,7,0,0,1,0,1,0,0,22,30,14,1614573576831,red,NA1_3807157635
317,28781,309,49,30055,24112,249,88,28936,18,4,0,0,0,1,2,1,0,21,18,12,26,3,0,0,0,0,0,0,0,12,11,21,1616046568714,blue,NA1_3830618412
318,23289,288,68,26135,25501,296,99,29579,24,5,0,0,0,0,0,1,0,10,10,11,25,3,1,0,1,0,0,0,0,11,20,10,1615853059429,red,NA1_3827234160
319,32692,349,107,32211,21452,293,80,25595,24,12,0,1,0,0,0,1,0,23,32,4,26,5,0,0,0,0,0,0,0,4,5,23,1616515168990,blue,NA1_3838160859
320,26436,294,64,25034,25330,225,91,27102,17,6,0,0,1,0,1,0,0,11,20,17,28,4,0,1,0,0,0,0,0,17,22,11,1614578714372,red,NA1_3807333204
321,27426,293,96,28242,24344,300,73,28210,29,9,0,1,0,0,1,0,0,14,18,10,30,11,0,0,0,1,0,1,0,10,11,14,1616267769328,blue,NA1_3834343468
322,27938,240,64,26287,30283,284,74,30067,22,2,0,0,0,1,0,0,0,19,29,20,27,2,0,0,0,0,1,0,0,20,12,19,1615609283681,red,NA1_3823111492
323,28066,277,58,26913,28786,284,64,27295,30,8,0,0,0,0,0,0,0,19,26,19,27,8,0,1,0,0,1,0,0,19,26,19,1614491598993,red,NA1_3806066889
324,30135,355,100,33104,21043,276,85,25122,25,2,0,0,1,1,0,1,0,20,24,4,22,5,0,0,0,0,0,0,0,4,2,20,1614303779471,blue,NA1_3802924558
325,26008,315,96,29336,23430,330,70,27266,27,4,1,0,1,0,1,1,0,11,11,9,22,3,0,0,0,0,0,0,0,9,15,11,1616204927491,blue,NA1_3833119646
326,28335,323,61,31119,27383,358,77,29717,23,4,0,0,0,0,1,1,0,17,17,14,21,3,0,1,0,1,0,0,0,14,15,17,1613755814592,red,NA1_3794522647
327,26744,283,93,27636,25287,311,81,28643,21,3,0,0,1,0,1,1,0,14,16,11,21,2,1,0,0,0,0,0,0,11,12,14,1614883592128,blue,NA1_3811507673
328,33001,364,100,32610,19055,237,37,22049,28,5,0,1,0,0,2,1,0,20,18,4,23,5,0,0,0,0,0,0,0,4,3,20,1615178968970,blue,NA1_3816193872
329,26636,310,80,27589,22601,268,80,24003,26,7,0,0,0,1,1,0,0,14,16,6,28,3,0,0,0,0,0,1,0,6,7,14,1616050812701,blue,NA1_3830748021
330,20336,241,60,23816,27767,279,84,30108,27,1,0,0,0,1,0,0,0,4,9,19,18,5,0,1,0,0,1,1,0,19,19,4,1616044416485,red,NA1_3830621331
331,27717,319,91,31584,22365,307,76,26075,31,8,1,0,0,0,2,1,0,13,16,5,24,6,0,0,0,1,0,0,0,5,7,13,1613857124984,blue,NA1_3796176165
332,30549,319,103,32423,21898,233,52,25642,20,7,0,1,1,0,1,1,0,22,24,8,21,6,0,0,0,0,0,0,0,8,13,22,1614575917413,blue,NA1_3807236392
333,23850,309,49,25623,26241,334,110,29063,24,10,0,0,0,0,0,0,0,11,16,12,30,6,0,0,1,1,0,1,0,12,14,11,1615568521262,red,NA1_3822284237
334,32393,349,100,33038,23339,209,56,25583,17,3,0,0,0,0,2,0,0,25,18,13,23,0,0,0,0,1,0,0,0,13,12,25,1616215787378,blue,NA1_3833343162
335,25555,268,80,26194,28275,301,72,29394,25,6,0,0,0,0,0,1,0,13,6,15,22,2,0,1,1,0,2,0,0,15,19,13,1616212284055,red,NA1_3833294833
336,23601,374,84,26664,24184,356,82,27350,27,7,1,0,0,0,2,1,0,0,0,7,27,8,0,0,1,0,0,0,0,7,14,0,1615501870353,blue,NA1_3821270360
337,23766,269,60,29572,28986,312,84,30353,20,1,0,0,0,0,0,0,0,12,9,16,20,3,0,1,0,1,1,1,0,16,17,12,1615868615113,red,NA1_3827662195
338,29835,333,107,30861,26099,307,71,28543,28,1,0,1,1,0,2,1,0,13,13,14,25,7,0,0,0,0,0,0,0,14,21,13,1613598855102,blue,NA1_3792092786
339,30093,348,76,33158,22127,287,92,26855,20,3,0,1,0,0,2,1,0,18,14,6,19,4,0,0,1,0,0,0,0,6,6,18,1616015685590,blue,NA1_3830097188
340,22923,317,72,26185,28555,339,67,30370,19,3,1,0,0,0,0,0,0,8,13,18,24,4,0,0,0,0,0,0,0,18,28,8,1615919922370,blue,NA1_3828312485
341,21872,334,73,25918,32517,386,97,33411,25,4,0,0,0,0,0,0,0,4,3,20,27,5,1,0,1,0,2,1,0,20,20,4,1615155877142,red,NA1_3815717104
342,27994,304,88,30345,21283,293,53,24449,26,6,0,0,1,0,0,0,0,15,16,8,28,3,0,0,0,1,0,0,0,8,7,15,1616362844914,blue,NA1_3835752085
343,24695,283,56,26722,26488,286,72,27141,27,5,0,0,1,0,0,0,0,14,17,13,29,5,0,0,0,0,1,1,0,13,11,14,1614644344987,red,NA1_3808158817
344,27705,249,104,29639,25944,323,84,28190,28,3,0,0,1,1,1,1,0,16,15,10,25,4,0,0,0,0,0,0,0,10,7,16,1616517181640,blue,NA1_3838162527
345,28488,357,82,31350,24116,295,75,26780,25,4,0,0,1,0,1,1,0,15,11,7,21,7,0,1,0,0,1,0,0,7,8,15,1615954811248,blue,NA1_3828985268
346,25017,280,70,28464,22650,225,73,25696,24,1,0,1,0,0,0,0,0,14,12,11,26,6,0,0,0,0,0,0,0,11,10,14,1616308363795,blue,NA1_3835034991
347,24789,274,57,25507,27188,302,88,29980,21,2,0,1,0,0,0,0,0,12,14,11,23,3,0,0,1,0,2,1,0,11,9,12,1615611328612,blue,NA1_3823118433
348,32680,315,80,30168,25881,237,76,26813,31,4,1,0,0,0,1,1,0,23,26,16,28,4,0,0,1,0,0,0,0,16,13,23,1615572890446,red,NA1_3822401465
349,30407,336,116,30957,23531,332,48,26258,28,6,0,0,1,0,1,1,0,15,14,7,22,4,0,0,0,0,0,0,0,7,14,15,1615159745521,blue,NA1_3815817091
350,24484,317,76,27434,28422,382,91,30626,24,1,0,0,1,0,0,0,0,8,9,12,17,4,0,0,0,0,0,0,0,12,17,8,1616429020163,blue,NA1_3837001104
351,30081,249,64,29799,23321,181,68,25329,23,3,0,0,0,1,0,0,0,25,25,13,19,4,1,0,0,0,0,0,0,13,8,25,1615870373323,blue,NA1_3827627779
352,28244,320,76,28976,27545,286,87,28181,25,3,0,0,1,0,0,0,0,15,14,14,30,1,0,0,0,1,0,0,0,14,15,15,1616017981884,red,NA1_3830119612
353,26129,316,83,27857,26095,324,74,29081,27,1,1,0,0,1,0,0,0,12,14,13,19,4,0,0,0,0,1,1,0,13,20,12,1613586991222,red,NA1_3791923846
354,30873,363,49,31458,23809,315,105,26676,27,4,0,0,0,0,3,1,0,20,20,8,24,5,1,0,0,0,0,0,0,8,8,20,1616123294960,blue,NA1_3832006423
355,28256,254,86,28888,27358,299,48,27517,29,6,0,1,0,0,1,1,0,17,19,16,24,5,0,0,0,0,0,0,0,16,19,17,1615496932193,blue,NA1_3821192326
356,27273,259,85,27735,23709,327,67,26035,23,7,0,0,0,1,1,1,0,15,21,9,18,7,0,1,0,0,0,0,0,9,11,15,1614387236669,blue,NA1_3804227128
357,28907,329,91,30169,22209,338,76,27269,31,10,0,0,0,0,1,1,0,14,20,7,28,6,0,0,1,0,0,0,0,7,5,14,1614892511625,blue,NA1_3811623099
358,31815,337,60,31485,25344,240,72,26268,25,2,0,1,0,0,1,0,0,22,20,12,18,5,0,0,0,0,0,0,0,12,16,22,1613497192771,blue,NA1_3790453864
359,32306,335,63,32086,23779,282,72,27261,19,2,0,0,1,0,3,1,0,19,28,11,19,1,0,0,0,1,0,0,0,11,11,19,1615506558212,blue,NA1_3821283110
360,27647,316,92,28150,25633,314,26,25799,23,3,0,0,0,0,1,1,0,14,19,13,27,5,1,0,1,0,1,0,0,13,8,14,1613872028975,red,NA1_3796482008
361,26845,331,76,30282,24219,335,112,28735,25,6,0,0,0,1,0,0,0,16,21,7,20,4,1,0,0,0,0,0,0,7,5,16,1615847948084,blue,NA1_3827161825
362,25853,332,73,27938,25179,305,80,27086,19,4,0,0,0,0,0,0,0,11,8,10,26,6,0,1,0,1,0,1,0,10,13,11,1616003798128,red,NA1_3829966073
363,25546,278,72,28324,29729,338,124,31152,23,4,0,0,0,0,1,0,0,13,11,16,22,8,0,0,1,0,1,0,0,16,13,13,1613499427808,red,NA1_3790429314
364,25223,270,81,28838,25999,344,87,28117,23,7,0,0,0,0,1,1,0,12,13,12,27,7,0,1,1,0,1,0,0,12,10,12,1614464440421,blue,NA1_3805256452
365,27374,294,67,29995,23929,258,92,27177,20,2,0,1,0,0,2,0,0,15,10,11,16,2,0,0,1,0,0,0,0,11,12,15,1616354909601,blue,NA1_3835636029
366,22156,257,58,25541,29780,274,87,31878,20,10,0,0,0,0,0,0,0,9,9,21,28,1,1,0,1,0,1,0,0,21,26,9,1615872578574,red,NA1_3827713077
367,34369,313,58,29656,21821,188,77,20590,16,2,0,1,0,0,4,0,0,24,29,10,11,0,0,0,1,0,1,0,0,10,8,24,1615504762079,blue,NA1_3821277616
368,25987,368,109,29334,24705,287,54,28040,21,7,0,0,0,0,0,1,0,8,6,11,29,5,0,0,1,0,0,0,0,11,18,8,1613510982358,blue,NA1_3790606596
369,25487,313,75,27050,29349,351,93,30191,30,6,0,0,0,1,0,0,0,7,9,14,27,6,0,0,0,0,2,0,0,14,13,7,1614122684862,red,NA1_3800320265
370,19243,221,65,21508,30315,281,104,30579,21,1,0,0,0,0,0,0,0,4,6,20,16,6,0,1,0,1,2,1,0,20,24,4,1616303974947,red,NA1_3834954548
371,30290,341,100,31939,23709,337,64,26339,24,5,0,0,1,1,1,0,0,19,27,5,26,7,0,0,0,0,0,1,0,5,8,19,1613631141874,blue,NA1_3792724045
372,27040,326,56,28136,26729,310,104,28969,17,4,0,1,0,1,0,0,0,15,19,10,25,3,0,0,0,0,2,1,0,10,8,15,1616206727502,blue,NA1_3833145192
373,24352,301,76,27388,22317,319,56,27458,24,4,0,0,1,0,0,0,0,10,14,7,16,7,0,0,0,0,0,0,0,7,6,10,1616183391486,blue,NA1_3832794970
374,28020,329,83,26987,25072,268,84,27921,28,5,1,0,0,0,3,1,0,11,12,11,26,6,0,0,0,1,0,0,0,11,10,11,1615309133008,red,NA1_3818023626
375,28519,300,91,30784,31031,337,91,31883,19,7,0,1,0,0,1,0,0,14,13,20,30,6,0,0,0,0,1,1,0,20,11,14,1615311972315,blue,NA1_3818026925
376,23981,265,85,26205,24391,291,102,27516,29,13,1,0,1,0,2,1,0,6,3,9,30,10,0,0,0,0,0,0,0,9,10,6,1614646509504,red,NA1_3808292782
377,26915,328,89,28755,24464,336,88,27852,24,3,1,1,0,0,1,0,0,13,18,6,25,3,0,0,0,0,2,1,0,6,6,13,1614895178252,blue,NA1_3811685848
378,27232,306,85,27663,22553,294,79,28246,19,0,0,0,0,0,0,1,0,12,15,8,23,6,0,0,1,0,0,0,0,8,12,12,1614488228292,blue,NA1_3806018703
379,20048,217,72,22771,29076,327,92,31738,15,3,0,0,0,0,0,0,0,5,8,18,23,4,1,0,0,1,0,0,0,18,25,5,1616305574485,red,NA1_3835069960
380,26174,288,71,26996,29952,325,92,30520,20,4,0,0,1,0,1,0,0,11,13,16,22,2,0,0,0,0,1,1,0,16,15,11,1614898995811,red,NA1_3811715363
381,24972,302,68,25292,23489,277,56,24377,30,5,0,0,0,0,0,0,0,10,12,10,26,6,0,0,1,0,0,1,0,10,15,10,1614880953168,red,NA1_3811533513
382,26880,329,88,32233,25349,303,68,28148,28,2,1,0,0,0,0,0,0,15,14,9,20,4,0,0,0,0,1,0,0,9,12,15,1616545506949,blue,NA1_3838639504
383,31348,316,92,30008,26545,274,67,26191,28,11,0,0,0,1,2,1,0,21,27,15,24,4,0,1,0,0,0,0,0,15,30,21,1616125675620,blue,NA1_3832063807
384,27136,308,72,27940,26866,340,80,27715,29,9,1,0,0,0,0,0,0,15,20,14,32,8,0,0,0,0,0,0,0,14,16,15,1615843552618,blue,NA1_3827044714
385,21631,304,87,23752,31018,341,80,32394,24,7,0,0,0,0,0,1,0,4,7,24,27,6,0,1,0,0,0,0,0,24,20,4,1615351729562,red,NA1_3818933931
386,25278,331,64,28186,27638,369,84,30939,29,5,1,0,0,0,0,0,0,11,21,13,24,6,0,0,1,0,0,1,0,13,11,11,1614897137132,blue,NA1_3811691290
387,25870,272,85,28446,24872,318,78,27818,18,4,0,0,0,0,0,1,0,12,16,10,25,4,1,0,0,1,0,0,0,10,18,12,1613859248459,red,NA1_3796219500
388,25050,294,98,28175,27790,333,74,28861,27,7,1,0,0,1,0,0,0,12,14,12,28,7,0,0,0,0,2,1,0,12,18,12,1616014134808,blue,NA1_3830113194
389,28646,321,80,28448,25273,300,87,28679,22,7,0,0,0,1,2,1,0,16,14,11,23,3,0,1,0,0,0,0,0,11,11,16,1613781765002,red,NA1_3794870687
390,26340,354,97,28359,29018,364,84,30309,32,5,1,0,0,0,1,1,0,6,7,11,24,7,0,1,0,0,1,0,0,11,14,6,1615917330131,red,NA1_3828219344
391,31880,339,74,31003,23616,263,79,27009,25,3,1,0,0,1,1,1,0,23,19,8,20,4,0,0,0,0,0,0,0,8,3,23,1615161690071,blue,NA1_3815880249
392,28134,309,84,29248,25424,306,79,30235,20,3,0,0,0,1,0,1,0,16,19,13,22,6,0,1,0,0,1,0,0,13,9,16,1616352454780,blue,NA1_3835592997
393,28149,326,99,30682,24983,272,56,27440,27,7,0,0,1,0,1,0,0,14,12,15,26,11,0,1,0,0,0,1,0,15,19,14,1613753067277,blue,NA1_3794458764
394,22361,262,60,25799,30988,315,103,31165,19,1,0,0,0,0,0,0,0,9,8,19,27,1,0,0,0,1,1,1,0,19,17,9,1615224921079,red,NA1_3816899410
395,24115,291,76,27486,28406,297,68,31700,21,5,0,1,0,0,0,0,0,9,8,19,25,6,1,0,0,0,1,0,0,19,19,9,1613583956620,red,NA1_3791868707
396,28361,279,127,30158,26264,337,67,27868,18,2,0,1,1,0,0,1,0,17,17,10,25,1,0,0,0,0,0,0,0,10,11,17,1610053434275,blue,NA1_3734628152
397,28779,279,76,27386,31396,315,80,29074,18,6,0,0,0,1,1,0,0,17,25,21,28,4,0,0,0,0,1,0,0,21,36,17,1609713084013,blue,NA1_3729689423
398,25937,320,49,27656,28141,328,112,30316,29,8,0,0,0,0,1,0,0,11,15,13,29,7,1,0,0,1,0,1,0,13,15,11,1612912057253,red,NA1_3781088888
399,25150,345,92,29160,27532,340,76,30108,23,11,0,0,0,1,0,1,0,9,6,13,24,7,0,1,0,0,0,0,0,13,19,9,1613437480564,blue,NA1_3789645541
400,26874,324,80,27437,20591,271,80,25013,21,6,0,0,0,1,0,1,0,11,16,5,28,4,0,0,1,0,0,0,0,5,4,11,1613435138717,blue,NA1_3789582919
401,23144,268,56,24400,28615,335,93,31033,24,3,0,0,0,0,0,0,0,9,10,16,27,5,0,1,1,0,1,0,0,16,11,9,1609963143701,red,NA1_3733577289
402,27138,305,72,28746,25887,267,72,26999,23,4,0,0,0,1,0,0,0,17,27,11,23,3,0,0,0,0,1,1,0,11,20,17,1609716521831,blue,NA1_3729788349
403,22839,228,76,27729,29794,329,100,31816,22,4,0,0,0,0,0,0,0,8,9,13,24,1,1,0,0,1,1,1,0,13,19,8,1610223804564,red,NA1_3737214506
404,24893,314,68,28131,28644,338,104,32602,25,7,0,0,0,0,0,0,0,10,9,17,29,9,0,1,0,0,0,1,0,17,17,10,1609823531459,blue,NA1_3731427366
405,24502,277,92,27707,27204,336,80,27934,21,6,0,0,0,1,0,0,0,7,8,15,34,5,1,0,0,0,1,1,0,15,22,7,1611435010868,red,NA1_3756577754
406,29235,286,99,28853,23366,216,96,25004,19,4,0,0,0,0,1,1,0,15,19,9,24,4,0,0,0,1,0,0,0,9,11,15,1613360169279,blue,NA1_3788363183
407,28321,348,84,28894,24757,295,67,25937,20,2,0,1,0,1,1,1,0,15,22,9,20,3,0,0,0,0,1,0,0,9,17,15,1609783770995,red,NA1_3730906228
408,20821,357,88,28099,25656,352,88,30034,24,5,0,0,0,0,0,0,0,1,0,7,20,4,1,1,0,0,0,1,0,7,8,1,1611947345943,red,NA1_3765024934
409,25748,315,68,27897,27285,279,71,29505,26,3,0,0,0,0,0,0,0,12,17,15,30,4,0,0,0,1,1,0,0,15,17,12,1609787170540,blue,NA1_3730970629
410,24602,273,82,28728,26550,311,80,28403,28,3,0,0,0,0,0,0,0,10,9,16,27,5,0,1,0,0,0,0,0,16,12,10,1609981743744,blue,NA1_3733729014
411,27283,300,84,29172,24308,303,64,26913,29,3,0,0,0,0,0,0,0,16,17,10,26,5,0,1,0,0,0,0,0,10,13,16,1611538078076,blue,NA1_3758396728
412,27911,357,84,31860,23925,313,100,28772,19,12,0,1,1,0,1,0,0,14,13,6,29,4,0,0,0,0,0,0,0,6,5,14,1613272243805,blue,NA1_3787054498
413,25637,293,66,28173,28503,324,92,31156,27,4,0,0,1,0,0,0,0,12,19,14,18,7,0,0,0,1,3,1,0,14,11,12,1609780405576,red,NA1_3730901929
414,32001,323,116,33666,25109,332,76,27897,22,5,0,0,1,1,2,1,0,17,22,7,23,2,0,0,0,0,1,0,0,7,12,17,1613153725042,blue,NA1_3785017737
415,29861,326,88,30717,28703,308,80,30674,20,6,0,0,1,0,1,1,0,18,11,17,31,4,0,0,0,1,0,0,0,17,18,18,1609556929359,blue,NA1_3727469692
416,23436,318,78,28019,29514,355,104,31997,26,3,0,0,1,0,0,0,0,7,4,15,31,3,0,1,0,0,1,0,0,15,19,7,1610395232145,red,NA1_3740053079
417,28566,293,102,30833,23930,301,68,27239,24,5,0,0,0,1,0,0,0,15,16,8,24,2,0,0,1,0,0,1,0,8,12,15,1613064078243,blue,NA1_3783504084
418,32072,332,77,30681,23279,267,67,26949,23,4,0,0,0,0,3,1,0,18,21,10,27,2,1,0,0,1,0,0,0,10,8,18,1610142196363,blue,NA1_3735961946
419,28016,311,72,29925,27195,285,72,29623,24,5,0,0,0,0,2,1,0,16,9,16,32,5,0,0,1,0,0,0,0,16,18,16,1609523746018,red,NA1_3727033517
420,22835,335,72,27813,27286,375,119,32515,20,4,0,0,0,0,0,0,0,6,4,11,24,5,1,1,0,0,0,0,0,11,12,6,1612312987694,red,NA1_3771233653
421,29314,342,92,31412,24461,324,91,27406,29,4,0,0,1,0,0,1,0,16,17,8,21,3,1,0,0,0,0,0,0,8,10,16,1610131634363,blue,NA1_3735872228
422,28199,340,80,30502,24374,311,100,29808,27,7,1,1,0,0,1,1,0,17,19,9,25,4,0,0,0,0,0,0,0,9,5,17,1612118957355,blue,NA1_3767892178
423,23757,238,82,26850,28089,324,106,28662,15,5,0,0,0,0,1,0,0,10,8,13,25,4,0,1,1,0,1,1,0,13,14,10,1612889544367,red,NA1_3780829814
424,32924,369,60,28638,24851,252,72,24536,24,9,0,1,0,1,2,0,0,22,38,9,28,4,0,0,0,0,1,1,0,9,10,22,1611944461263,blue,NA1_3765011212
425,24564,338,92,28149,23306,322,72,27472,27,9,1,0,0,1,0,0,0,8,10,8,30,6,0,0,0,0,0,0,0,8,7,8,1610409862462,red,NA1_3740228914
426,27103,253,92,28366,25883,290,56,25695,22,5,0,0,0,1,0,1,0,16,13,13,27,5,0,1,0,0,0,0,0,13,15,16,1609979067399,blue,NA1_3733744263
427,31532,347,112,31980,24767,304,80,27986,23,5,1,0,0,0,1,1,0,19,25,10,25,2,0,1,0,0,0,0,0,10,10,19,1609015652145,blue,NA1_3719948462
428,25828,334,92,29052,22911,296,84,28055,32,7,0,0,0,0,0,1,0,12,11,7,33,7,0,0,1,0,0,0,0,7,14,12,1611618000892,blue,NA1_3759627627
429,31492,369,82,31249,24581,293,76,27212,22,3,0,1,1,0,1,0,0,19,28,9,18,5,0,0,0,0,0,0,0,9,8,19,1609965238935,blue,NA1_3733590485
430,26522,373,75,28053,26722,295,88,26964,27,5,0,0,0,0,0,0,0,12,14,13,24,6,1,0,0,1,0,0,0,13,12,12,1609797103348,red,NA1_3731015900
431,26776,295,95,27020,25281,338,84,27237,23,6,1,1,0,0,1,1,0,14,17,8,26,5,0,0,0,0,1,0,0,8,8,14,1613358003218,blue,NA1_3788275355
432,24525,265,71,27752,29489,326,84,34651,20,2,0,0,0,0,0,1,0,10,6,20,29,4,1,1,0,0,1,0,0,20,15,10,1613462925155,red,NA1_3790202490
433,26780,341,66,29561,24619,282,104,28365,24,5,0,0,0,0,0,0,0,14,14,8,23,4,1,0,0,0,1,1,0,8,3,14,1609451605092,blue,NA1_3726212535
434,22951,324,64,27071,28571,334,92,28908,28,4,0,0,0,0,0,0,0,6,6,14,31,8,0,0,1,1,2,1,0,14,17,6,1609564609765,red,NA1_3727761895
435,24547,293,100,27967,27492,358,76,28313,27,4,0,0,0,0,0,0,0,9,7,12,26,9,0,1,1,0,2,1,0,12,15,9,1610221968753,red,NA1_3737230226
436,23056,247,55,25582,28292,335,84,31259,20,3,0,0,0,0,0,0,0,12,19,17,22,3,1,0,1,0,0,1,0,17,14,12,1609400167418,red,NA1_3725507684
437,25019,346,85,29648,24870,338,108,29845,31,6,0,0,1,0,1,0,0,8,8,8,27,8,0,1,0,0,0,1,0,8,8,8,1610152901367,red,NA1_3736105171
438,26166,348,79,30555,20350,265,66,27127,24,4,0,0,0,0,1,1,0,9,7,5,26,4,1,0,1,0,0,0,0,5,1,9,1609721066627,blue,NA1_3729907848
439,25987,302,71,26212,27437,311,103,29042,26,5,1,0,1,0,0,1,0,12,14,14,23,8,0,0,0,0,1,0,0,14,10,12,1610492030061,blue,NA1_3741522219
440,27867,309,76,27528,24381,303,56,27358,26,2,0,0,0,1,1,1,0,12,22,11,24,6,1,0,0,0,0,0,0,11,16,12,1613457794895,blue,NA1_3790092660
441,29948,316,82,31477,23574,355,98,28840,23,2,0,0,0,1,2,1,0,17,15,6,22,6,1,0,0,0,0,0,0,6,4,17,1613185951995,blue,NA1_3785517331
442,28805,296,57,28637,29435,254,90,29864,27,9,0,0,0,1,1,1,0,17,15,20,25,5,0,0,1,0,0,0,0,20,22,17,1610244226828,blue,NA1_3737712108
443,26887,335,72,30351,22306,311,68,26893,25,7,1,0,0,0,1,0,0,14,12,7,23,2,0,0,0,0,0,1,0,7,5,14,1609798942945,blue,NA1_3731079761
444,25589,321,84,27193,26744,366,88,27917,23,7,0,0,1,0,0,0,0,11,21,9,26,4,0,1,0,0,2,1,0,9,2,11,1611454126496,red,NA1_3756937560
445,30072,344,79,31309,22396,304,72,26388,20,8,1,0,0,0,2,1,0,16,18,7,31,2,0,0,0,0,0,0,0,7,7,16,1611432546725,blue,NA1_3756534186
446,29014,333,96,30039,24219,303,63,29558,26,4,1,0,0,1,0,0,0,16,12,9,24,1,0,0,0,0,0,0,0,9,10,16,1610578638712,red,NA1_3742638531
447,26555,302,96,30033,26003,278,92,28810,21,10,0,1,0,1,0,0,0,13,10,13,28,5,0,0,0,0,0,0,0,13,14,13,1613251459938,blue,NA1_3786675743
448,31587,321,80,32117,23457,273,60,26966,22,7,1,0,1,0,2,1,0,20,21,8,20,2,0,0,0,0,0,0,0,8,14,20,1613326693525,blue,NA1_3787802356
449,22989,292,84,25531,26619,296,96,27911,25,9,0,0,0,0,1,0,0,6,7,9,28,6,1,0,0,1,0,1,0,9,11,6,1613066470064,red,NA1_3783545503
450,28815,279,76,27139,23463,235,44,23296,31,4,1,0,0,0,0,0,0,18,25,11,18,4,0,0,0,0,0,0,0,11,15,18,1612914200016,blue,NA1_3781124873
451,24070,310,62,25670,24841,307,71,26509,15,7,0,1,0,0,0,0,0,11,11,10,29,5,0,0,0,0,0,1,0,10,11,11,1609385748092,blue,NA1_3725117598
452,26348,304,78,26778,25859,309,84,30018,26,7,0,1,0,0,1,0,0,12,12,14,25,7,0,0,1,0,0,1,0,14,13,12,1610241722765,red,NA1_3737675101
453,26041,327,72,28759,24987,325,104,28850,23,6,1,0,0,0,1,0,0,12,19,8,24,3,0,0,0,0,0,1,0,8,10,12,1609291810412,blue,NA1_3723856753
454,31489,355,81,29904,23039,253,84,26013,25,5,0,0,1,1,2,1,0,18,17,9,21,3,0,0,0,0,0,0,0,9,15,18,1610136060874,blue,NA1_3735891164
455,26117,293,92,29215,29425,354,72,29798,17,2,0,0,0,0,0,0,0,14,12,17,18,3,0,1,0,1,2,0,0,17,13,14,1612202513488,red,NA1_3769422364
456,28590,347,88,31580,23025,324,68,27165,26,1,0,0,0,0,1,1,0,13,15,7,20,5,1,0,0,1,0,0,0,7,9,13,1610569891849,blue,NA1_3742554282
457,23798,283,60,26274,29950,311,66,29100,28,4,0,0,0,0,1,1,0,9,7,18,24,4,0,0,0,1,2,0,0,18,23,9,1609531857243,red,NA1_3727095574
458,25418,308,64,26584,23781,244,82,26844,22,6,0,1,0,0,0,0,0,15,19,11,26,2,0,0,0,0,0,0,0,11,13,15,1613454904020,red,NA1_3790025562
459,25154,314,72,28125,28330,329,87,31939,21,5,0,1,0,0,0,1,0,10,15,15,27,4,0,0,0,1,1,0,0,15,13,10,1613181398219,red,NA1_3785405344
460,27039,358,92,30930,24293,311,80,30013,23,4,0,0,1,1,1,1,0,10,16,10,21,4,0,0,0,0,0,0,0,10,11,10,1613155871528,blue,NA1_3785042735
461,26305,275,62,26898,28706,315,85,29315,28,2,0,0,0,0,1,0,0,11,13,18,28,6,0,0,0,1,2,1,0,18,20,11,1611455888873,red,NA1_3757023733
462,24812,321,72,28015,29114,340,84,31440,29,8,0,1,1,0,0,0,0,11,8,13,22,5,0,0,0,0,2,0,0,13,11,11,1613269529859,red,NA1_3786986985
463,27066,283,76,27746,27132,342,54,28858,24,6,1,0,0,0,0,0,0,14,13,15,28,6,0,0,0,0,0,0,0,15,13,14,1612994545487,blue,NA1_3782562807
464,29920,342,72,31641,24039,279,104,27694,25,6,0,0,1,0,0,0,0,19,16,9,28,7,0,0,0,1,0,1,0,9,8,19,1612378687492,blue,NA1_3772296971
465,27222,304,69,28184,29161,303,88,30221,26,8,0,0,0,0,0,0,0,16,15,19,31,7,0,1,0,1,0,1,0,19,18,16,1609554164012,red,NA1_3727462591
466,27005,325,104,29317,23180,345,64,26322,28,6,0,1,0,1,0,1,0,12,15,6,23,8,0,0,0,0,0,0,0,6,9,12,1612581044125,blue,NA1_3775575779
467,26042,294,76,27827,23853,252,64,25990,27,3,0,0,0,0,2,1,0,12,18,10,32,4,0,0,1,1,0,0,0,10,12,12,1613460589302,blue,NA1_3790128724
468,29185,333,88,31287,25570,280,100,29128,20,2,1,0,1,0,2,0,0,18,18,11,18,1,0,0,0,0,1,1,0,11,9,18,1613183511413,blue,NA1_3785471601
469,21746,295,97,27147,28177,346,88,30424,28,7,0,0,1,0,0,0,0,5,7,12,27,7,0,0,0,1,2,0,0,12,18,5,1612891850082,red,NA1_3780880671
470,23774,310,82,28643,26236,337,87,29649,28,8,0,0,0,1,0,0,0,8,12,11,24,9,0,0,0,0,0,0,0,11,12,8,1610304047011,red,NA1_3738508618
471,26743,334,82,29515,28352,267,96,29353,21,4,0,0,0,0,0,1,0,10,10,16,27,3,1,0,0,1,1,0,0,16,18,10,1612376374097,red,NA1_3772323159
472,22343,249,66,23108,27342,265,105,28791,25,6,1,0,0,0,0,0,0,6,11,14,25,5,0,0,0,0,0,1,0,14,14,6,1609448170345,red,NA1_3726136418
473,23436,280,52,26437,27673,329,83,30257,17,4,0,0,0,0,0,1,0,10,15,15,25,2,0,1,0,0,1,0,0,15,16,10,1612204710546,red,NA1_3769435463
474,28007,344,79,30303,24978,320,60,26938,26,9,0,0,0,0,0,0,0,14,13,12,28,5,1,0,0,0,0,0,0,12,10,14,1609381476351,red,NA1_3725101784
475,29462,358,96,29849,23660,337,80,27973,24,7,0,0,1,1,3,1,0,12,13,7,24,5,0,0,0,0,0,0,0,7,4,12,1612980287092,blue,NA1_3782356747
476,26839,298,79,27695,29140,285,67,29510,22,5,0,0,1,0,0,0,0,16,12,20,21,2,0,0,0,1,1,1,0,20,20,16,1610568166634,red,NA1_3742539636
477,25343,342,80,29059,27133,304,85,30095,28,5,0,1,0,0,1,1,0,9,5,13,22,7,0,0,0,1,1,0,0,13,11,9,1613324267172,red,NA1_3787756509
478,31385,283,64,29317,28917,315,64,29326,30,4,0,0,0,1,2,0,0,23,20,19,20,1,0,0,0,0,1,0,0,19,6,23,1610490005662,red,NA1_3741317086
479,29826,321,68,29408,30439,280,87,31216,28,6,0,1,0,1,0,0,0,21,25,20,23,1,0,0,0,0,1,1,0,20,26,21,1610072561653,red,NA1_3734874898
480,22374,356,60,27203,21916,270,80,29085,23,9,0,0,0,1,0,0,0,5,8,7,24,5,0,0,1,0,0,0,0,7,7,5,1609402855155,red,NA1_3725533753
481,24721,314,97,28784,28188,319,76,28323,28,8,0,0,0,0,0,0,0,9,12,14,30,7,0,1,1,0,2,1,0,14,15,9,1609383294317,red,NA1_3725140634
482,27604,241,64,27143,27700,277,63,28439,22,4,0,0,0,0,0,1,0,20,27,19,24,4,1,0,0,1,0,0,0,19,21,20,1609625359856,red,NA1_3728567683
483,24850,298,82,29051,23659,299,63,26639,20,7,0,1,0,0,0,0,0,10,12,9,27,1,0,0,0,0,0,0,0,9,11,10,1610139774016,red,NA1_3735906199
484,25402,334,75,29015,26346,289,120,29484,27,4,0,0,0,0,0,0,0,11,14,9,33,5,1,0,1,0,1,1,0,9,8,11,1612472001778,red,NA1_3773537320
485,23836,378,88,29084,25503,358,94,29787,23,4,0,0,0,1,0,1,0,4,4,7,19,5,0,1,0,0,0,0,0,7,7,4,1609535505498,blue,NA1_3727152421
486,29394,282,92,29403,21975,306,77,25612,30,10,0,0,0,1,2,1,0,17,21,4,29,3,0,1,0,0,0,0,0,4,5,17,1609289776455,blue,NA1_3723842357
487,29939,344,80,30341,28816,300,91,29831,22,1,0,1,1,0,2,1,0,15,16,16,19,4,0,0,0,0,2,0,0,16,18,15,1612474075689,blue,NA1_3773570892
488,29763,343,88,30758,21760,272,95,26781,27,7,0,0,0,1,1,0,0,15,14,4,27,3,0,0,1,0,0,0,0,4,5,15,1612977305006,blue,NA1_3782315447
489,22160,312,81,28553,28427,323,80,29536,24,10,0,0,0,0,0,0,0,5,1,13,24,8,1,0,1,0,1,1,0,13,10,5,1610055364074,red,NA1_3734681677
490,26640,293,60,27547,24488,296,80,27299,28,4,0,0,0,0,1,1,0,10,14,10,23,5,0,0,1,1,0,0,0,10,11,10,1612373530820,blue,NA1_3772229195
491,29123,296,72,28718,26165,269,76,26657,24,6,1,0,0,0,1,1,0,17,25,15,23,3,0,0,0,1,0,0,0,15,17,17,1613440738564,red,NA1_3789676596
492,26237,266,64,26910,28065,310,99,30316,22,7,0,0,0,0,0,1,0,15,12,17,24,3,1,1,0,0,0,0,0,17,16,15,1613355504286,red,NA1_3788207576
493,32105,331,99,29642,25268,263,71,27891,21,11,1,0,0,1,2,1,0,18,29,13,28,6,0,0,0,0,0,0,0,13,17,18,1611343207968,blue,NA1_3754901434
494,25408,332,93,29703,24165,309,88,27851,22,4,0,0,0,0,1,1,0,10,7,8,18,2,0,0,1,0,1,0,0,8,8,10,1609628192500,blue,NA1_3728623700
495,25051,307,63,28256,25694,309,79,29002,21,1,0,0,0,0,0,0,0,12,16,14,17,2,1,0,0,1,1,1,0,14,5,12,1608686463369,red,NA1_3715493140
496,31243,313,76,32779,23849,255,48,27943,24,10,1,0,0,0,2,1,0,22,23,10,23,2,0,1,0,0,1,0,0,10,8,22,1608153940039,blue,NA1_3707711885
497,28484,323,70,29547,28783,299,62,27261,27,6,0,0,0,0,0,0,0,15,12,19,27,5,0,0,1,1,0,1,0,19,20,15,1608174268367,red,NA1_3707976421
498,24224,238,58,24860,27595,330,57,28728,21,10,0,0,0,1,0,0,0,16,19,16,28,8,0,0,1,0,1,1,0,16,18,16,1607718933261,red,NA1_3701178268
499,25906,314,93,31709,22124,328,58,25541,29,4,0,1,0,0,0,0,0,13,15,7,18,3,0,0,0,0,0,0,0,7,3,13,1608075676512,blue,NA1_3706434755
500,24429,296,72,26958,24810,310,68,27657,22,5,0,1,1,0,0,0,0,12,19,7,26,6,0,0,0,0,1,1,0,7,11,12,1609013865870,blue,NA1_3719934553
501,27976,290,68,28289,21839,248,84,25901,27,7,0,0,0,1,1,1,0,18,18,7,22,2,0,0,0,0,0,0,0,7,5,18,1607814699260,blue,NA1_3702833498
502,25052,293,44,28022,24996,312,116,29399,27,2,0,0,0,0,0,0,0,15,19,8,20,4,1,1,0,0,0,0,0,8,8,15,1608324304378,blue,NA1_3710126917
503,26379,304,94,30024,24084,249,79,25269,21,3,0,0,1,1,0,1,0,15,8,12,27,6,0,0,0,0,0,0,0,12,14,15,1607642247472,blue,NA1_3699928159
504,27544,290,77,29961,27470,300,50,26861,28,4,0,0,0,0,0,0,0,17,14,17,26,2,0,0,0,0,1,0,0,17,14,17,1608510032053,blue,NA1_3712776969
505,26925,312,66,27864,25625,312,56,28369,25,4,1,0,0,0,1,1,0,12,13,14,22,3,0,0,1,0,0,0,0,14,18,12,1608322063290,blue,NA1_3710093697
506,24893,292,69,27871,26313,320,86,28967,21,5,0,0,0,0,0,1,0,12,12,10,21,3,0,1,0,0,1,0,0,10,8,12,1608073018335,red,NA1_3706369596
507,26473,301,64,28833,24627,298,87,29090,20,2,1,0,0,0,1,0,0,16,13,9,17,2,0,0,0,0,1,1,0,9,4,16,1607640398099,blue,NA1_3699963367
508,22252,256,64,24553,24496,284,84,28902,19,5,0,0,1,0,0,1,0,9,11,10,25,5,0,1,0,0,0,0,0,10,9,9,1608592139946,red,NA1_3714083592
509,28187,322,73,27802,29894,336,66,28922,23,6,0,0,0,0,2,1,0,14,15,16,22,5,1,0,0,1,1,0,0,16,18,14,1607976361269,red,NA1_3705189495
510,32271,292,106,34833,24670,252,89,26861,24,4,1,0,0,1,2,1,0,23,16,13,25,5,0,0,0,0,0,0,0,13,9,23,1608262738585,blue,NA1_3709428904
511,22126,294,54,26691,25566,334,76,28678,22,4,0,0,0,0,0,0,0,7,7,11,20,7,0,0,1,0,0,1,0,11,13,7,1607635233596,red,NA1_3699854338
512,26776,283,88,30018,20558,267,84,25200,20,3,0,0,0,0,1,1,0,13,17,3,27,2,0,0,1,1,0,0,0,3,5,13,1608070916812,blue,NA1_3706375981
513,30683,290,77,30072,25537,302,72,27826,26,6,1,0,0,0,2,0,0,18,28,13,21,5,0,0,1,0,0,0,0,13,11,18,1608868229578,blue,NA1_3718102422
514,25814,339,73,27297,27864,308,77,31779,27,5,0,0,1,0,0,0,0,13,14,17,26,6,0,0,0,0,1,0,0,17,6,13,1608782970933,blue,NA1_3716779863
515,24989,327,88,29096,28261,323,88,30281,21,5,0,0,1,0,0,0,0,9,8,14,26,4,0,0,0,0,1,1,0,14,14,9,1608675082013,blue,NA1_3715190229
516,30258,336,108,31242,23659,321,79,27787,26,8,1,0,1,0,3,1,0,14,10,9,20,1,0,0,0,0,0,0,0,9,6,14,1608507925746,blue,NA1_3712734331
517,27784,267,76,29253,26401,263,78,28304,23,1,1,0,0,0,0,0,0,17,23,12,27,3,0,0,0,0,2,1,0,12,15,17,1608260593566,red,NA1_3709423677
518,27336,286,59,28659,25611,304,62,27563,19,2,0,0,0,0,1,1,0,15,19,10,23,3,1,0,0,1,1,0,0,10,13,15,1607812001333,blue,NA1_3702745768
519,27650,284,64,29943,26279,307,88,27082,24,4,0,0,0,1,0,0,0,15,19,13,21,3,0,0,1,0,0,1,0,13,15,15,1607979406219,red,NA1_3705282806
520,33676,320,80,30730,27890,296,58,27491,19,2,1,1,0,0,2,1,0,28,24,17,18,3,0,0,0,0,1,0,0,17,13,28,1607637791757,blue,NA1_3699888582
521,27829,344,88,29374,26097,326,90,29286,24,7,0,0,0,1,1,0,0,14,14,8,19,7,0,0,0,0,2,1,0,8,7,14,1608239750367,blue,NA1_3708807287
522,23455,307,92,28035,25266,348,75,29585,24,4,1,0,0,0,1,0,0,5,6,10,12,2,0,0,0,0,1,1,0,10,6,5,1607715637138,blue,NA1_3701172641
523,27289,293,66,26868,23260,251,71,23502,25,5,0,0,0,0,0,0,0,18,25,9,25,5,0,0,1,0,0,0,0,9,15,18,1608264943826,blue,NA1_3709448144
524,23140,345,70,26423,26794,335,76,28919,25,2,0,0,0,0,0,0,0,8,10,13,37,6,1,0,1,0,1,0,0,13,29,8,1607817857683,red,NA1_3702848713
525,25722,261,92,26541,28548,306,63,30670,23,2,0,0,0,0,0,0,0,15,16,20,26,3,0,0,0,1,0,0,0,20,19,15,1608593915778,red,NA1_3714077269
526,23333,277,72,25221,26181,307,72,28625,22,4,0,0,0,0,0,0,0,8,14,14,25,3,0,0,1,1,0,0,0,14,16,8,1608780266430,red,NA1_3716722521
527,25063,317,68,28475,27431,319,82,31265,20,2,0,0,0,0,0,1,0,10,13,16,16,4,0,0,1,0,0,0,0,16,18,10,1608866853173,red,NA1_3718037349
528,22062,321,68,26074,24184,339,64,27899,25,8,1,0,1,0,0,1,0,5,7,9,32,6,0,0,0,0,1,0,0,9,4,5,1608778345056,red,NA1_3716687701
529,26836,316,83,28206,25116,291,115,29449,24,5,0,0,0,0,1,1,0,10,12,9,26,7,1,0,1,0,0,0,0,9,11,10,1608677415432,red,NA1_3715194013
530,26801,339,126,30510,23763,264,92,27840,31,7,1,0,1,0,0,0,0,8,11,6,24,4,0,0,0,0,1,1,0,6,8,8,1608766618771,blue,NA1_3716530037
531,27937,280,70,27399,26925,317,92,28889,26,6,1,0,0,0,2,0,0,13,10,14,21,3,0,0,0,0,1,0,0,14,11,13,1608768262165,blue,NA1_3716562771
532,22510,290,68,26815,28766,306,100,30635,25,5,0,0,0,0,0,1,0,5,6,16,25,2,0,1,0,1,1,0,0,16,19,5,1607645072727,red,NA1_3700033040
533,28060,308,44,27869,27064,276,88,29388,20,3,0,0,0,0,2,0,0,17,21,14,22,3,0,1,1,0,1,1,0,14,9,17,1608319794361,red,NA1_3710080625
534,26975,260,80,26835,31228,334,56,29507,25,1,1,0,1,0,0,0,0,15,20,20,23,1,0,0,0,0,3,1,0,20,14,15,1607896984044,red,NA1_3703922698
535,24696,263,59,23498,29168,318,77,29561,18,1,0,0,0,0,1,0,0,9,10,22,16,6,0,1,1,0,0,1,0,22,24,9,1607894946152,red,NA1_3703887729
