blue_gold,blue_cs,blue_jg,blue_xp,red_gold,red_cs,red_jg,red_xp,blue_wards_placed,blue_wards_destroyed,blue_air_dragons,blue_fire_dragons,blue_earth_dragons,blue_water_dragons,blue_turrets_destroyed,blue_rift_heralds,blue_inhibitors_destroyed,blue_kills,blue_assists,blue_deaths,red_wards_placed,red_wards_destroyed,red_air_dragons,red_fire_dragons,red_earth_dragons,red_water_dragons,red_turrets_destroyed,red_rift_heralds,red_inhibitors_destroyed,red_kills,red_assists,red_deaths,unix_date,winner,match_id
24251,284,72,29550,22439,273,64,28973,24,7,0,1,0,0,0,1,0,10,9,8,17,3,0,0,0,1,0,0,0,8,5,10,1622912929736,red,NA1_3933279208
25433,274,60,30079,22732,308,76,28025,26,4,0,0,0,1,1,0,0,13,15,7,25,2,0,1,0,0,0,1,0,7,4,13,1627622651056,red,NA1_3994240530
27111,325,80,30522,24139,289,76,29124,29,6,0,0,0,0,0,1,0,15,15,12,23,10,0,0,1,0,0,0,0,12,11,15,1628215621496,blue,NA1_4001692385
24624,293,66,29142,25126,257,82,29768,25,3,0,1,1,0,0,1,0,12,7,14,23,5,0,0,0,0,0,0,0,14,13,12,1621741079777,blue,NA1_3916945816
21240,255,80,26423,29027,332,70,30245,20,3,0,0,0,0,0,0,0,6,4,17,22,3,0,1,0,0,2,1,0,17,26,6,1621797817842,red,NA1_3917587245
22147,262,65,27087,24417,314,52,28864,27,1,0,0,0,1,0,0,0,6,7,11,19,6,0,0,0,0,0,1,0,11,7,6,1625900359105,blue,NA1_3972215881
23182,277,76,26594,25025,277,64,27030,21,4,0,0,1,1,0,0,0,11,11,11,32,4,0,0,0,0,1,1,0,11,12,11,1626508541842,red,NA1_3979871944
24937,280,60,29902,22591,269,67,26957,27,1,0,0,0,0,0,0,0,13,11,8,20,3,1,1,0,0,0,1,0,8,10,13,1621746141573,blue,NA1_3917081182
26028,264,61,26898,24325,280,76,27835,17,5,0,0,0,1,2,1,0,13,10,11,29,4,1,0,0,0,0,0,0,11,13,13,1624911105183,blue,NA1_3959662127
23602,221,48,25595,27587,233,100,27880,24,6,0,0,0,0,0,0,0,12,16,22,28,4,0,0,1,1,0,1,0,22,23,12,1621796342066,red,NA1_3917603890
22403,332,68,27216,24636,300,86,29839,18,1,0,0,1,0,0,0,0,4,2,9,21,4,0,0,0,0,1,1,0,9,4,4,1621466486370,red,NA1_3913055607
29165,357,68,30954,20256,252,68,27057,26,5,1,0,0,0,2,1,0,15,10,3,15,6,0,0,0,0,0,0,0,3,2,15,1621650128172,blue,NA1_3915553801
26279,328,68,29532,19891,265,72,25793,22,3,1,0,1,0,1,1,0,10,18,3,20,2,0,0,0,0,0,0,0,3,2,10,1621823114651,blue,NA1_3918012469
24059,329,68,28811,23742,284,80,28895,25,5,0,1,0,0,0,0,0,10,8,9,27,4,1,0,0,0,0,0,0,9,8,10,1621386447075,red,NA1_3911762529
24222,321,92,29592,23109,298,64,28388,24,3,0,0,0,0,0,0,0,9,8,9,27,2,0,0,1,1,0,1,0,9,7,9,1624845655171,blue,NA1_3958896691
24683,270,60,28098,24654,298,84,28604,31,9,0,0,1,0,0,0,0,12,13,10,26,5,1,0,0,0,0,0,0,10,7,12,1621666764865,red,NA1_3915874081
25964,311,84,28976,23123,254,79,28360,13,5,0,1,0,0,1,0,0,10,8,8,21,1,0,0,0,0,0,0,0,8,10,10,1624851091078,blue,NA1_3959065551
23973,260,72,28478,27664,297,79,31596,16,5,0,0,0,0,0,0,0,9,10,16,23,5,0,1,0,0,1,0,0,16,15,9,1624917213059,red,NA1_3959743209
28003,324,103,30053,23458,271,77,27708,22,5,1,0,1,0,1,0,0,13,16,8,17,2,0,0,0,0,1,1,0,8,6,13,1626922704633,blue,NA1_3985151152
20679,277,70,27879,23555,344,74,30215,25,4,0,0,0,0,0,0,0,3,2,6,21,7,0,1,0,1,0,1,0,6,5,3,1622177980523,red,NA1_3923223453
25757,325,72,28560,25591,256,68,28381,21,9,1,0,0,0,0,0,0,12,11,14,26,7,0,0,0,0,1,1,0,14,17,12,1625791296521,red,NA1_3970930405
25386,281,104,28760,23556,265,64,27136,23,4,0,0,0,0,1,1,0,8,8,12,22,3,1,0,1,0,0,0,0,12,16,8,1625788906890,red,NA1_3970815188
21659,292,62,26681,27112,291,68,31033,22,2,0,0,0,0,0,0,0,6,5,14,21,3,0,0,0,1,0,0,0,14,16,6,1622255787019,red,NA1_3924122978
21012,262,76,27697,27022,379,116,32710,26,4,0,0,0,0,0,1,0,4,3,11,27,7,0,1,0,1,0,0,0,11,6,4,1628127446177,red,NA1_4000694776
29363,326,76,30095,23183,204,64,25578,26,7,0,0,0,1,0,0,0,19,25,11,29,4,0,0,0,0,0,0,0,11,12,19,1621807637722,blue,NA1_3917764254
23770,278,75,26362,23879,285,73,27339,29,7,0,0,1,1,0,0,0,10,19,8,28,8,0,0,0,0,0,1,0,8,10,10,1626588043343,blue,NA1_3980677402
22335,275,84,27720,22681,274,72,28530,28,6,0,1,1,0,1,0,0,5,9,7,21,9,0,0,0,0,0,1,0,7,9,5,1625201962579,blue,NA1_3963519045
29450,260,104,32677,20947,243,64,25144,27,4,0,1,0,1,2,1,0,19,16,7,16,4,0,0,0,0,0,0,0,7,8,19,1624920752873,blue,NA1_3959830279
23268,247,68,27150,26559,289,86,30438,20,2,0,0,0,0,0,0,0,11,7,15,21,2,0,1,0,0,0,0,0,15,14,11,1621659771638,red,NA1_3915741624
26445,329,76,29056,22328,261,96,26388,20,7,0,1,1,0,1,1,0,13,13,8,24,3,0,0,0,0,0,0,0,8,6,13,1625785930517,blue,NA1_3970839791
21213,254,66,27397,27102,345,90,31756,28,2,0,0,0,0,0,0,0,7,3,12,25,7,0,1,0,1,1,1,0,12,10,7,1624919167492,red,NA1_3959756853
27792,287,59,28582,23647,250,64,25719,24,4,0,1,1,0,1,1,0,21,18,11,27,4,0,0,0,0,0,0,0,11,7,21,1621884841524,blue,NA1_3918699967
24605,308,90,27636,23373,297,80,26560,18,6,0,0,0,0,0,0,0,8,9,9,20,1,0,0,1,0,0,0,0,9,12,8,1621479277687,red,NA1_3913243838
26516,260,64,29565,22868,294,52,27278,26,8,0,0,1,0,1,0,0,17,17,9,28,6,0,0,0,0,0,0,0,9,6,17,1621748845072,red,NA1_3917086939
25761,280,64,27444,25833,265,64,29329,23,0,1,0,1,0,0,1,0,16,11,15,14,2,0,0,0,0,1,0,0,15,11,16,1622946366958,blue,NA1_3933781762
26758,306,67,29567,25326,291,72,27231,16,7,0,0,1,0,1,0,0,14,13,12,21,4,0,0,0,1,1,1,0,12,8,14,1626932377564,blue,NA1_3985285130
28306,350,78,31207,23607,326,69,26841,22,8,1,0,0,1,1,0,0,14,19,6,28,9,0,0,0,0,0,1,0,6,10,14,1625120510385,blue,NA1_3962657935
18939,214,64,22079,28514,337,88,33186,19,1,0,0,0,0,0,1,0,3,5,17,19,5,1,1,0,0,1,0,0,17,10,3,1626503130088,red,NA1_3979774556
26297,284,100,30972,23518,289,88,29464,28,4,0,0,1,0,0,0,0,14,18,8,18,8,0,1,0,0,0,0,0,8,8,14,1622681261031,red,NA1_3930215191
22705,280,66,28506,24696,341,61,30727,24,5,0,0,1,0,0,1,0,7,7,11,30,3,0,0,0,0,0,0,0,11,9,7,1622683390852,blue,NA1_3930332359
26822,304,91,29404,22870,262,52,27352,21,4,0,1,1,0,1,1,0,12,12,10,25,6,0,0,0,0,0,0,0,10,11,12,1624913211310,blue,NA1_3959696234
22327,334,60,28043,27358,337,104,29704,18,5,0,0,0,0,0,0,0,5,7,8,21,2,1,0,1,0,2,1,0,8,7,5,1628213367672,red,NA1_4001608189
23238,332,59,28616,26451,330,72,28908,18,5,0,0,0,0,0,1,0,8,8,12,24,5,0,1,1,0,1,0,0,12,12,8,1626118013664,red,NA1_3974794328
24940,255,76,29895,27562,325,92,29432,20,5,1,0,0,0,1,0,0,12,15,12,19,4,0,0,1,0,1,1,0,12,11,12,1625125646572,red,NA1_3962746339
25186,300,60,29326,26173,303,81,29121,24,2,0,1,0,0,0,1,0,16,9,14,15,3,1,0,0,0,1,0,0,14,11,16,1622423739536,blue,NA1_3926550420
23358,280,98,29785,24120,303,62,28032,28,6,0,0,0,1,0,0,0,11,8,9,29,7,0,0,0,0,0,0,0,9,7,11,1621825332654,blue,NA1_3918007659
20371,224,80,29436,25877,337,92,31532,24,1,1,0,0,0,0,0,0,4,4,10,17,8,0,0,0,0,0,0,0,10,8,4,1622002351268,red,NA1_3920466137
18824,235,44,25372,27385,320,100,31699,22,5,0,0,0,0,0,0,0,3,2,14,26,4,0,1,1,0,1,1,0,14,10,3,1622675235395,red,NA1_3930093116
25322,231,68,28156,23784,285,72,28271,26,5,0,0,0,0,0,1,0,16,15,7,26,4,0,0,0,1,0,0,0,7,12,16,1624644365001,red,NA1_3956230215
27287,312,76,30521,22710,289,84,26560,26,3,1,0,0,0,0,1,0,17,16,7,20,1,0,0,0,0,0,0,0,7,9,17,1625170945518,blue,NA1_3963077766
24170,286,82,27879,26002,266,61,28647,18,6,0,1,0,0,0,0,0,11,7,17,26,5,0,0,1,0,0,0,0,17,20,11,1623614824049,red,NA1_3942746975
23994,232,80,26135,25482,299,83,30647,22,2,0,1,0,1,1,1,0,7,8,13,19,2,0,0,0,0,0,0,0,13,11,7,1625905256704,blue,NA1_3972314255
23667,276,66,26982,25167,287,78,29257,21,1,1,0,0,0,0,0,0,10,10,15,25,0,0,0,1,0,0,1,0,15,11,10,1626111041598,red,NA1_3974725059
26337,243,96,29637,22629,255,72,25884,21,3,0,0,1,1,1,1,0,17,13,8,17,0,0,0,0,0,0,0,0,8,10,17,1622678618049,blue,NA1_3930202594
22026,280,76,28973,26066,356,82,29697,27,3,0,0,0,1,0,0,0,7,6,8,16,1,0,0,0,0,1,0,0,8,9,7,1625204528442,red,NA1_3963586878
22036,295,70,27785,25295,302,85,28317,22,0,0,0,0,0,0,0,0,5,4,9,21,4,0,0,1,0,1,1,0,9,7,5,1625907500286,red,NA1_3972288242
25981,272,80,29910,24823,254,87,28170,15,4,0,0,0,1,1,1,0,12,11,14,28,1,0,1,0,0,0,0,0,14,17,12,1625207390344,blue,NA1_3963632786
32088,284,80,31493,25117,247,40,25863,14,4,0,1,1,0,2,1,0,22,23,11,16,2,0,0,0,0,1,0,0,11,11,22,1626112758827,blue,NA1_3974765973
25317,286,69,26870,24826,291,75,26145,24,6,0,0,1,0,0,1,0,12,15,9,24,6,1,0,0,0,1,0,0,9,10,12,1624915058454,blue,NA1_3959730008
25224,264,60,29598,26507,275,89,30956,24,5,0,1,0,1,0,1,0,14,12,15,23,2,0,0,0,0,0,0,0,15,13,14,1623474177185,red,NA1_3940985487
21963,263,64,26443,25710,269,76,29121,25,5,0,0,0,0,0,0,0,8,9,11,25,2,0,1,0,1,2,1,0,11,5,8,1622419743530,red,NA1_3926500738
27749,291,74,27668,25745,301,66,27404,30,1,1,0,0,1,2,1,0,14,17,10,17,2,0,0,0,0,1,0,0,10,14,14,1627698143757,blue,NA1_3995281693
23143,283,84,27953,21203,279,62,25953,20,1,0,0,0,1,1,1,0,6,5,7,23,3,1,0,0,0,0,0,0,7,4,6,1624853822046,blue,NA1_3959092193
24720,336,70,30191,24669,286,92,29266,19,5,0,0,1,0,0,0,0,10,8,10,22,1,0,0,0,1,1,1,0,10,11,10,1623563871161,blue,NA1_3942271160
29836,348,78,32984,21226,270,61,26550,20,1,0,1,1,0,2,1,0,18,23,5,19,3,0,0,0,0,0,0,0,5,5,18,1625895521520,blue,NA1_3972185661
24507,298,83,26733,28727,326,81,31803,31,5,0,0,0,0,1,1,0,8,7,19,25,5,0,0,1,1,0,0,0,19,27,8,1626505402815,red,NA1_3979777241
23886,234,66,26647,29783,286,93,32846,19,2,0,1,0,0,0,0,0,11,11,22,20,2,0,0,0,0,1,1,0,22,17,11,1626495449260,red,NA1_3979643321
23733,252,64,26412,27285,252,64,29408,20,9,0,0,0,0,0,1,0,13,11,19,26,8,0,0,1,1,1,0,0,19,20,13,1621826930337,red,NA1_3918093675
27149,328,78,31149,22683,333,66,27096,19,2,0,1,0,0,1,1,0,16,19,6,17,4,0,0,0,0,0,0,0,6,7,16,1623475715343,blue,NA1_3941051443
22520,345,85,27967,25354,285,93,28702,27,10,0,0,0,0,0,0,0,4,3,11,28,7,0,1,1,0,1,1,0,11,16,4,1627077336389,red,NA1_3987234549
23763,301,91,29955,22787,334,76,27829,21,6,0,1,0,0,0,0,0,9,11,4,18,0,0,0,0,0,2,1,0,4,4,9,1623121607120,red,NA1_3936123592
30220,307,116,32325,22221,267,52,26656,26,8,0,1,0,1,1,1,0,21,20,8,25,9,0,0,0,0,0,0,0,8,4,21,1621743959021,blue,NA1_3917006954
22891,268,86,27816,26883,299,56,30613,21,2,0,0,0,0,0,0,0,11,4,14,21,4,1,0,1,0,1,1,0,14,11,11,1623011071335,red,NA1_3934567951
24848,316,98,29874,27488,281,94,31720,19,4,0,0,0,0,0,0,0,8,9,14,23,2,0,1,0,1,1,1,0,14,17,8,1623008873879,red,NA1_3934516400
24623,256,68,28234,23127,267,68,29504,23,3,0,0,1,0,1,0,0,10,8,13,25,2,0,0,0,1,0,0,0,13,6,10,1621887485606,red,NA1_3918704305
21309,246,98,27670,20533,279,50,25188,19,2,0,1,0,0,0,0,0,7,2,4,23,5,0,0,0,0,0,1,0,4,4,7,1622417901728,blue,NA1_3926385873
23744,306,73,26464,28289,238,92,30657,27,3,1,0,0,1,0,1,0,8,5,17,19,5,0,0,0,0,2,0,0,17,15,8,1625180506741,blue,NA1_3963252090
29844,300,84,31334,24202,221,64,27618,26,4,0,1,0,0,1,0,0,22,21,12,29,4,1,0,0,0,0,1,0,12,12,22,1626401004867,blue,NA1_3978296493
29572,274,81,30461,24427,287,76,30219,23,4,0,1,0,1,2,1,0,16,15,12,20,7,0,0,0,0,0,0,0,12,7,16,1625897947339,blue,NA1_3972210897
25784,318,70,29593,21958,232,72,25079,33,4,0,1,0,0,1,1,0,12,9,7,20,5,0,0,0,0,0,0,0,7,4,12,1622950162138,blue,NA1_3933853855
25232,246,68,24762,26025,260,60,27841,19,2,0,1,0,0,2,1,0,8,11,15,20,4,0,0,0,1,0,0,0,15,30,8,1625123525624,red,NA1_3962781300
22749,279,72,28954,24555,315,91,29449,27,7,1,0,0,0,0,0,0,10,6,9,23,5,0,1,0,0,0,1,0,9,5,10,1621829551299,blue,NA1_3918108239
26411,342,81,28511,20141,206,40,24675,23,8,1,0,0,0,1,1,0,11,11,7,23,3,0,1,0,0,0,0,0,7,12,11,1621652385071,blue,NA1_3915577722
26180,320,68,29670,23899,316,84,30962,21,3,0,0,0,1,0,1,0,10,8,11,20,3,1,0,0,0,0,0,0,11,9,10,1625178196584,red,NA1_3963197269
23880,267,60,27235,30002,286,88,30693,20,2,0,0,0,0,0,0,0,8,10,23,23,4,0,0,1,1,0,1,0,23,24,8,1622179647159,red,NA1_3923251236
22213,207,52,25295,25033,260,92,29209,21,0,0,0,0,0,0,0,0,10,9,13,17,3,0,1,0,0,0,1,0,13,11,10,1621469551530,blue,NA1_3913058170
22915,301,76,27277,27112,345,88,31897,20,3,0,1,1,0,0,1,0,8,7,11,22,2,0,0,0,0,0,0,0,11,10,8,1627074755726,blue,NA1_3987149714
22947,286,68,27624,21484,380,64,27638,31,1,0,0,1,0,0,1,0,10,12,4,20,1,0,0,0,0,0,0,0,4,0,10,1622577673569,red,NA1_3928714614
29427,337,80,30168,24169,231,84,28080,17,4,0,0,0,0,2,0,0,17,11,15,20,0,0,0,1,0,0,1,0,15,11,17,1626590174194,blue,NA1_3980781600
24487,274,56,28048,21703,254,64,24870,24,2,0,0,0,0,1,0,0,12,10,8,23,0,0,1,0,0,0,1,0,8,11,12,1623024539051,blue,NA1_3934954176
22332,279,52,26888,25725,313,64,27969,24,9,0,0,0,0,0,0,0,8,12,12,25,8,0,0,0,1,1,1,0,12,14,8,1625902762565,red,NA1_3972280767
19109,173,44,23319,32206,289,96,29768,15,1,0,0,0,0,0,0,0,5,1,18,15,1,1,0,1,0,6,1,2,18,16,5,1621464328710,red,NA1_3913011675
24300,267,66,28215,24562,292,77,26875,26,4,0,0,0,0,0,0,0,15,18,10,26,5,1,0,1,0,0,1,0,10,8,15,1621480988064,blue,NA1_3913302769
27797,264,60,29948,23272,290,80,28462,21,7,0,0,0,1,1,1,0,17,17,7,23,4,0,0,0,0,0,0,0,7,9,17,1623027230230,blue,NA1_3935011166
21044,290,61,26454,28661,314,88,32307,21,2,0,0,1,0,0,0,0,5,3,21,22,1,0,0,0,0,0,0,0,21,17,5,1622421739438,red,NA1_3926475912
23762,224,44,24200,29548,279,91,29900,27,4,0,0,0,0,0,0,0,13,15,19,29,5,1,0,1,0,0,1,0,19,27,13,1622004908226,blue,NA1_3920551380
23661,249,56,27344,27295,300,61,29573,23,7,1,1,0,0,0,0,0,10,12,16,27,11,0,0,0,0,0,1,0,16,18,10,1624849131985,red,NA1_3959010559
26517,287,76,28696,21933,307,91,26811,27,2,0,1,0,0,2,1,0,11,11,5,24,4,0,0,0,1,0,0,0,5,5,11,1617234904293,blue,NA1_3848596538
28866,322,76,29470,22509,330,69,26946,23,5,1,0,0,0,2,1,0,17,21,7,19,4,0,0,0,1,0,0,0,7,3,17,1620708457589,blue,NA1_3901994883
24576,275,60,28858,25752,295,83,26208,23,7,0,0,1,0,0,0,0,14,15,7,21,6,0,1,0,0,1,1,0,7,7,14,1617240350535,red,NA1_3848678950
26636,306,96,30678,20534,243,68,27373,27,1,0,1,1,0,0,1,0,15,10,6,11,1,0,0,0,0,0,0,0,6,4,15,1618973122556,blue,NA1_3875175846
27263,259,72,29443,19785,196,68,24271,17,2,0,0,0,1,1,0,0,16,14,6,25,1,0,0,0,0,0,0,0,6,3,16,1617236674455,blue,NA1_3848670543
28850,273,72,28947,24072,216,65,25138,19,2,0,0,0,1,1,1,0,20,21,12,18,4,1,0,0,0,0,0,0,12,14,20,1620611047267,blue,NA1_3900379480
21014,219,64,25561,24567,242,84,28776,21,2,0,0,0,0,0,0,0,6,5,15,19,5,1,1,0,0,0,0,0,15,13,6,1618023860453,red,NA1_3860473983
24386,234,78,29475,27690,310,89,32666,22,1,0,0,0,0,0,1,0,12,10,15,16,1,0,0,1,0,1,0,0,15,10,12,1621311131645,red,NA1_3910934593
20398,277,60,27056,23021,267,79,28947,19,3,0,0,0,0,0,0,0,4,6,9,21,7,0,0,0,1,0,0,0,9,8,4,1620542269435,red,NA1_3899633580
23384,180,70,23778,27339,241,64,26145,17,4,0,0,0,0,0,0,0,13,13,20,23,7,0,1,0,0,2,1,0,20,16,13,1620604171833,red,NA1_3900300114
28321,270,84,28804,21040,246,61,23296,19,5,1,0,1,0,2,1,0,16,11,7,20,2,0,0,0,0,0,0,0,7,7,16,1620624227166,blue,NA1_3900694916
26671,283,92,31635,21173,293,88,26063,20,9,0,0,0,1,0,1,0,15,8,3,30,3,0,0,0,0,0,0,0,3,3,15,1618888783562,blue,NA1_3873868904
23959,264,64,28412,24659,302,84,30346,26,4,1,0,0,1,1,1,0,12,7,9,20,3,0,0,0,0,1,0,0,9,8,12,1621211064487,blue,NA1_3909320277
20894,246,64,23529,28175,269,65,29943,19,2,0,0,0,0,0,1,0,4,1,18,16,4,0,1,0,1,2,0,0,18,13,4,1620528697181,red,NA1_3899345519
29409,318,88,32195,21337,264,90,26399,25,7,0,0,0,1,2,1,0,16,9,5,23,6,1,0,0,0,0,0,0,5,3,16,1618442516457,blue,NA1_3866891828
24929,269,91,28764,26027,285,60,26185,25,4,0,1,0,0,0,0,0,13,12,14,27,4,0,0,0,0,1,1,0,14,12,13,1618628315748,blue,NA1_3869849242
23381,243,80,27032,24101,274,71,27797,25,5,0,0,0,0,0,0,0,12,10,9,26,4,1,1,0,0,0,0,0,9,9,12,1620781114710,blue,NA1_3902755603
21853,291,92,27696,24544,278,80,29596,20,2,0,1,0,1,0,0,0,6,6,11,18,2,0,0,0,0,1,1,0,11,8,6,1617233222692,red,NA1_3848581215
23156,243,88,26547,23814,268,44,25639,21,1,0,0,0,0,0,0,0,9,9,8,21,2,1,0,0,0,0,0,0,8,9,9,1620356326758,red,NA1_3896791683
22830,294,72,28824,24973,223,92,30059,25,8,0,0,0,0,0,0,0,8,5,13,21,4,0,1,0,1,0,1,0,13,10,8,1620776172362,red,NA1_3902713992
30939,248,125,29744,22143,244,32,21363,27,4,0,0,1,1,0,1,0,26,22,10,20,4,0,0,0,0,0,0,0,10,10,26,1618545662799,blue,NA1_3868642333
25216,236,64,26157,23739,235,96,26875,24,4,1,1,0,0,0,1,0,15,18,9,25,2,0,0,0,0,0,0,0,9,9,15,1620443532690,blue,NA1_3897959952
26944,273,54,27127,24042,175,62,24501,22,3,0,0,0,0,1,1,0,15,15,17,23,6,0,0,1,0,0,0,0,17,17,15,1617926950160,red,NA1_3858967129
27935,259,60,27038,24551,254,71,27875,28,4,0,0,0,0,2,1,0,15,16,12,28,8,0,1,0,0,0,0,0,12,13,15,1620962721977,red,NA1_3905970399
24305,281,48,26230,23236,245,83,26560,27,7,1,0,0,0,0,0,0,12,11,10,23,5,0,0,0,0,0,0,0,10,6,12,1618070156738,red,NA1_3861096681
24274,201,88,24739,25485,249,64,26040,20,5,1,0,0,0,0,0,0,14,11,12,28,0,0,0,1,0,0,1,0,12,9,14,1618699688065,red,NA1_3871077731
28083,314,84,32626,23525,283,76,27966,28,2,0,0,1,0,2,0,0,15,16,12,18,3,0,1,0,0,0,0,0,12,12,15,1617567819429,blue,NA1_3853732877
20717,240,96,27635,20017,303,52,25729,21,6,0,0,0,0,0,1,0,5,7,4,19,3,0,0,0,0,0,0,0,4,3,5,1620440905035,blue,NA1_3897891803
24627,236,56,26052,30512,271,80,29374,20,3,1,0,0,0,1,0,0,14,9,24,22,3,0,1,0,0,2,1,0,24,17,14,1620620159216,red,NA1_3900595219
23546,254,60,26466,25903,263,92,27442,23,8,0,1,0,0,0,1,0,11,9,12,26,7,0,0,1,0,1,0,0,12,13,11,1620879246905,red,NA1_3904664108
26935,261,79,30552,23718,247,64,25942,24,3,1,0,0,0,0,0,0,18,10,12,23,3,0,0,0,0,0,0,0,12,12,18,1618283785160,blue,NA1_3864429069
21213,230,52,25562,26528,254,84,29694,22,5,0,0,0,0,0,0,0,9,5,17,26,7,0,0,0,1,1,1,0,17,12,9,1617561036170,red,NA1_3853640430
22180,255,70,25147,22383,248,100,26242,17,1,0,0,1,0,0,0,0,6,6,9,12,1,0,1,0,0,0,1,0,9,8,6,1618449749957,red,NA1_3866928231
23337,256,100,28523,23398,304,64,26432,18,1,1,0,0,1,0,1,0,10,10,7,23,1,0,0,0,0,1,0,0,7,4,10,1618797763037,red,NA1_3872438524
27923,298,80,30584,23140,303,60,26526,19,2,0,0,0,1,1,1,0,18,14,7,17,1,0,0,0,0,0,0,0,7,7,18,1621383296313,blue,NA1_3911698063
21022,240,65,25708,23080,253,48,27140,19,3,0,0,0,0,0,0,0,7,7,13,17,4,1,0,0,0,0,0,0,13,9,7,1620510346749,red,NA1_3898972699
27549,276,85,29406,24319,282,80,28543,20,0,0,0,0,0,0,0,0,18,15,10,17,4,0,0,0,0,0,0,0,10,9,18,1620773414265,blue,NA1_3902660677
21761,287,64,26741,23616,280,88,29109,18,4,1,0,0,0,0,1,0,6,5,10,18,2,0,0,1,0,0,0,0,10,10,6,1620778551854,blue,NA1_3902679719
30569,272,103,31009,24843,271,52,25963,28,6,0,1,0,0,1,0,0,19,21,13,22,3,0,0,0,0,0,0,0,13,8,19,1620947485253,blue,NA1_3905430203
23910,272,75,28955,24195,249,83,27428,21,6,0,0,1,0,0,0,0,9,7,9,28,9,1,0,0,0,1,0,0,9,10,9,1620508228705,red,NA1_3898739061
23990,327,60,27109,27705,275,83,29534,25,5,0,0,0,0,0,0,0,10,8,16,17,5,1,0,1,0,1,1,0,16,16,10,1618633971149,red,NA1_3870016408
24381,242,56,29965,24188,283,91,30621,16,1,0,0,1,0,1,1,0,13,6,14,17,1,1,0,0,0,0,0,0,14,8,13,1618630909325,blue,NA1_3869915209
24761,341,72,29114,21023,279,76,27341,17,8,0,0,0,0,0,0,0,9,9,4,28,2,0,0,1,1,0,0,0,4,4,9,1621222984817,red,NA1_3909516276
26055,308,100,31575,24195,279,64,28028,20,2,1,0,0,0,0,0,0,15,11,10,19,5,0,1,0,0,0,1,0,10,12,15,1621304185792,red,NA1_3910832553
27290,279,76,30079,27557,249,94,30583,17,6,0,0,0,0,0,0,0,15,11,14,26,2,0,0,1,0,1,1,0,14,13,15,1620601753447,blue,NA1_3900215180
27752,336,61,31242,24159,248,59,27881,21,5,0,1,1,0,0,0,0,19,19,13,22,1,0,0,0,0,0,0,0,13,9,19,1620876491243,blue,NA1_3904566392
24657,296,84,31161,21458,294,108,28028,25,7,0,0,0,0,0,0,0,12,7,1,25,3,1,0,0,1,0,1,0,1,1,12,1620008226964,blue,NA1_3891196632
24632,270,71,28968,24733,298,84,28821,28,6,0,0,0,0,0,0,0,12,13,9,26,5,1,1,0,0,1,1,0,9,9,12,1621215050820,red,NA1_3909390647
25443,306,68,30072,27335,314,80,31925,11,1,0,0,0,0,1,0,0,11,3,19,18,2,0,0,1,1,1,0,0,19,14,11,1620599222872,red,NA1_3900208445
19143,217,80,24256,23240,287,84,29706,22,1,0,0,0,0,0,1,0,4,4,10,17,2,1,0,0,0,0,0,0,10,11,4,1617918345120,red,NA1_3858841084
20884,211,72,27017,26645,328,88,31031,14,0,0,0,0,0,1,1,0,4,4,12,18,4,0,1,0,0,2,0,0,12,7,4,1621217799919,red,NA1_3909409029
22305,251,72,26234,24728,220,70,26962,24,5,0,1,0,0,0,1,0,7,4,13,25,7,0,0,0,0,1,0,0,13,17,7,1617563209798,red,NA1_3853702131
25019,257,109,29770,21492,224,56,26809,22,1,0,1,1,0,0,0,0,11,9,9,17,0,0,0,0,0,0,0,0,9,8,11,1618542096648,blue,NA1_3868508768
22297,262,72,27067,23365,255,80,27344,21,6,1,0,0,0,0,0,0,7,6,11,26,8,0,0,0,1,0,0,0,11,18,7,1620526874772,red,NA1_3899340851
20098,275,84,25983,23937,305,80,29067,20,4,0,0,0,0,0,0,0,4,4,11,22,4,0,0,0,1,0,0,0,11,9,4,1617558078159,blue,NA1_3853593817
22684,283,88,27462,24651,272,68,28499,23,3,0,0,0,0,0,0,0,6,4,12,26,4,1,1,0,0,1,1,0,12,11,6,1620943144035,red,NA1_3905352687
30104,260,76,31210,25160,233,60,27050,17,2,0,1,0,0,1,1,0,25,18,15,14,3,0,0,0,0,0,0,0,15,17,25,1618438510836,blue,NA1_3866764806
23890,321,52,29918,21252,266,76,27787,18,3,0,0,1,0,1,1,0,8,7,6,19,2,1,0,0,0,0,0,0,6,5,8,1620944997852,blue,NA1_3905326859
24282,281,72,29103,23812,259,80,28552,20,2,0,0,0,0,0,1,0,14,10,10,22,1,1,1,0,0,1,0,0,10,5,14,1619408545320,blue,NA1_3881546118
27195,299,64,27904,22925,214,60,26076,24,5,0,0,0,0,1,1,0,15,11,13,31,6,0,1,1,0,0,0,0,13,17,15,1621309163111,blue,NA1_3910865109
23257,241,57,26278,26005,271,59,27723,29,4,0,0,0,0,1,0,0,10,6,15,21,6,0,0,0,1,1,0,0,15,13,10,1620100417880,red,NA1_3892861104
25150,325,84,30230,24418,305,100,29706,14,5,0,0,0,0,1,0,0,10,5,9,20,1,0,0,1,1,0,1,0,9,9,10,1617916760944,red,NA1_3858775897
19608,198,63,22524,26950,269,112,30602,17,1,1,0,0,0,0,0,0,6,7,16,20,1,0,0,0,1,2,1,0,16,9,6,1618540232553,red,NA1_3868494567
22615,265,80,27911,25665,319,76,31877,17,0,0,0,0,0,1,1,0,6,5,13,20,4,0,1,0,0,1,0,0,13,7,6,1617566235585,red,NA1_3853706971
22932,226,75,25894,25644,281,83,30806,24,2,0,0,0,0,0,0,0,9,12,16,21,1,1,1,0,0,0,0,0,16,10,9,1620706199375,red,NA1_3901959302
24057,266,68,29327,23265,279,60,28448,24,4,0,0,0,0,0,1,0,11,8,11,22,5,0,0,1,0,0,0,0,11,7,11,1620613932299,blue,NA1_3900424795
27111,317,76,29710,22119,272,80,25566,22,4,0,1,0,1,1,1,0,14,14,6,22,2,0,0,0,0,0,0,0,6,4,14,1617586242203,blue,NA1_3854053554
23247,258,70,25575,23348,227,97,26538,21,5,0,0,0,0,1,0,0,6,10,9,23,4,1,1,0,0,1,1,0,9,6,6,1620361679563,red,NA1_3896898403
21147,263,68,24141,28338,298,103,29550,20,2,0,0,1,0,0,1,0,6,9,15,22,5,0,1,0,0,0,0,0,15,18,6,1620783545024,red,NA1_3902862143
29633,282,62,30580,21473,210,76,25852,25,1,0,0,0,0,3,1,0,18,15,9,14,2,0,0,0,0,0,0,0,9,5,18,1619202093105,blue,NA1_3878280187
27661,285,68,29974,29160,317,68,32645,21,2,0,0,0,0,0,0,0,17,10,23,16,4,1,0,0,0,1,0,0,23,13,17,1617929872643,blue,NA1_3859042924
19591,209,51,23939,28952,340,119,33727,18,4,0,0,0,0,0,0,0,4,2,19,23,3,1,0,0,0,0,0,0,19,12,4,1619917034935,red,NA1_3889803405
25321,253,80,29740,28331,318,55,29230,23,5,0,0,0,0,0,0,0,12,8,17,23,7,0,0,0,0,1,1,0,17,16,12,1619915381049,red,NA1_3889738061
22715,228,81,27243,23982,272,81,27049,19,3,0,0,0,1,1,1,0,9,8,7,21,4,0,0,1,0,0,0,0,7,10,9,1620968717713,red,NA1_3906027607
27837,264,111,29002,24540,235,59,26071,21,2,0,0,1,1,0,0,0,17,14,15,21,2,0,0,0,0,0,1,0,15,13,17,1618440388271,blue,NA1_3866767474
22509,264,80,26114,23107,206,76,26158,17,1,0,0,0,0,1,0,0,7,1,14,22,1,1,0,0,1,0,0,0,14,18,7,1620505566788,blue,NA1_3898772912
26433,313,64,28564,21045,256,82,25426,20,3,0,0,1,0,0,1,0,14,22,6,23,3,0,0,0,1,0,0,0,6,9,14,1620701981470,blue,NA1_3901876526
23905,270,76,28622,23244,269,69,25884,17,4,0,0,0,0,0,0,0,8,5,10,19,1,0,0,1,0,0,0,0,10,8,8,1618971280564,blue,NA1_3875147082
23792,240,52,25365,23927,257,73,26370,23,4,0,0,0,0,1,0,0,10,11,10,25,2,1,0,1,0,0,0,0,10,6,10,1617922728572,blue,NA1_3858930278
21786,255,68,25465,22160,202,76,26169,17,1,1,0,0,0,0,0,0,6,4,10,23,1,0,1,0,0,1,1,0,10,10,6,1617238554991,red,NA1_3848674426
23392,258,92,28134,23558,288,76,27892,25,3,0,0,0,0,0,0,0,7,5,10,26,4,0,0,0,1,0,1,0,10,11,7,1620704725861,red,NA1_3901912814
28353,291,72,30195,22213,224,80,26659,19,4,0,0,0,1,1,1,0,17,9,9,18,0,0,0,0,0,0,0,0,9,3,17,1618890596689,blue,NA1_3873915666
25637,271,64,27988,24582,243,92,28500,19,2,0,0,0,1,1,0,0,13,10,13,15,4,0,0,0,0,0,1,0,13,12,13,1620873738789,blue,NA1_3904497452
22317,299,80,28943,21735,284,56,27647,25,5,1,0,0,1,0,1,0,6,5,8,24,4,0,0,0,0,0,0,0,8,3,6,1617327353395,blue,NA1_3849913662
23480,253,76,29199,21655,278,84,27671,15,3,1,0,0,0,0,1,0,10,12,5,22,2,0,0,0,1,0,0,0,5,3,10,1617582281246,red,NA1_3853943437
25717,281,64,28863,24493,251,44,26066,23,6,1,0,1,0,0,0,0,17,19,11,20,6,0,0,0,0,1,1,0,11,15,17,1620964845645,red,NA1_3905967198
24213,259,88,26866,23630,220,71,27811,16,2,0,0,0,1,0,0,0,11,11,11,20,1,0,0,0,0,0,0,0,11,10,11,1619200490313,blue,NA1_3878198037
24006,230,68,25491,24943,274,56,25808,25,7,0,0,1,1,0,1,0,14,18,11,22,8,0,0,0,0,1,0,0,11,7,14,1620246609198,blue,NA1_3895025468
24153,244,60,28266,28901,330,101,33243,21,2,0,0,0,0,0,0,0,13,8,17,17,6,0,0,1,0,1,1,0,17,10,13,1618547851091,red,NA1_3868607378
23391,216,84,26323,28994,304,82,29403,22,6,1,0,0,0,0,0,0,12,11,15,23,6,0,0,0,1,3,1,0,15,9,12,1617664902978,red,NA1_3855232075
29898,314,56,30455,22034,260,84,26561,28,4,0,1,1,0,2,1,0,18,21,7,18,4,0,0,0,0,0,0,0,7,5,18,1618280113395,blue,NA1_3864328763
23571,242,60,26748,27260,291,103,32660,24,4,0,0,0,0,0,0,0,10,4,16,15,3,1,0,0,1,1,1,0,16,12,10,1618460527109,red,NA1_3867181528
20391,202,74,24796,25944,266,84,27905,17,3,0,0,0,0,0,0,0,9,7,15,25,2,0,1,0,1,0,0,0,15,13,9,1619406581401,red,NA1_3881530841
22902,262,104,25897,25327,320,80,29576,21,2,1,0,0,0,0,1,0,5,2,12,25,6,0,0,1,0,1,0,0,12,9,5,1620515079027,red,NA1_3899131737
22142,251,77,27036,28648,323,92,31415,23,5,0,0,0,0,0,0,0,9,7,16,18,4,1,0,1,0,1,1,0,16,14,9,1619055860881,red,NA1_3876167576
22417,216,75,25425,26241,264,75,29346,29,2,0,0,0,0,0,1,0,9,3,16,17,6,0,1,0,0,1,0,0,16,10,9,1620596445386,red,NA1_3900146050
25247,291,64,28371,24233,288,81,27029,19,4,0,0,0,0,1,0,0,13,10,9,22,3,0,0,1,0,1,1,0,9,12,13,1620513147177,red,NA1_3898957443
25333,275,88,28240,24950,266,80,27072,22,2,0,0,1,0,0,0,0,12,12,11,14,3,0,1,0,0,2,1,0,11,10,12,1615875897304,red,NA1_3827753581
24354,323,80,29178,19722,239,80,27117,26,2,0,1,0,1,1,0,0,11,11,3,16,4,0,0,0,0,0,1,0,3,5,11,1616193106091,blue,NA1_3832980716
21356,278,68,25818,25821,269,85,28065,17,1,0,0,1,0,0,0,0,6,5,13,19,1,0,1,0,0,2,1,0,13,12,6,1616382000876,red,NA1_3836410805
23743,220,79,28413,27162,284,72,29747,24,8,0,1,0,0,0,0,0,13,13,17,28,5,1,0,0,0,0,1,0,17,17,13,1616021193801,red,NA1_3830155882
22965,284,48,26150,21881,256,92,25381,18,3,0,0,0,0,0,0,0,10,10,4,11,2,0,0,0,0,1,1,0,4,2,10,1615536352713,blue,NA1_3821885179
18929,226,64,25038,22497,271,68,27146,17,1,0,0,0,0,0,0,0,5,0,9,21,1,0,1,0,0,0,1,0,9,12,5,1615517801895,red,NA1_3821561906
21078,279,80,25813,21842,248,64,27385,11,2,1,0,0,0,0,1,0,3,1,10,18,3,0,0,0,1,0,0,0,10,9,3,1616897106069,red,NA1_3843449204
23895,308,72,27688,19910,282,80,25987,24,3,1,0,0,0,0,1,0,8,7,2,25,4,0,0,0,1,0,0,0,2,1,8,1615522382961,blue,NA1_3821615277
22806,260,58,24495,26796,299,60,27846,19,1,0,0,0,0,1,1,0,6,6,16,19,2,1,0,0,1,2,0,0,16,20,6,1616911318324,red,NA1_3844033750
23351,269,43,26590,26094,300,68,29480,25,4,0,0,1,0,0,0,0,11,9,15,15,4,0,0,0,0,0,0,0,15,17,11,1615796426596,red,NA1_3826443019
23307,250,40,26668,24240,290,62,28269,17,1,1,0,0,0,0,0,0,13,13,14,8,1,0,0,0,0,0,1,0,14,9,13,1616204697837,blue,NA1_3833066967
26590,241,80,29267,24561,254,60,27107,19,1,0,0,1,0,0,1,0,18,22,11,21,0,0,0,0,0,1,0,0,11,6,18,1615538922691,blue,NA1_3821929587
23068,261,91,29795,24646,337,68,28096,18,4,0,0,0,1,0,1,0,8,7,9,19,7,1,0,0,0,1,0,0,9,5,8,1616466276407,blue,NA1_3837492882
25364,264,64,27316,30908,264,72,30304,20,2,0,0,0,0,1,0,0,11,7,24,25,1,0,1,1,0,2,0,0,24,21,11,1616949222535,red,NA1_3844442245
27317,286,92,29182,24594,261,52,27104,23,3,0,0,1,0,2,0,0,15,15,9,15,2,0,1,0,0,0,1,0,9,19,15,1615798577645,red,NA1_3826514893
23543,295,68,26759,22284,250,48,25461,17,7,0,1,0,1,0,1,0,9,7,9,27,3,0,0,0,0,0,0,0,9,9,9,1615879226662,blue,NA1_3827849766
25304,294,91,28988,23146,274,80,28435,22,1,0,1,0,0,0,0,0,10,12,9,22,3,0,0,0,1,0,0,0,9,10,10,1616384369661,red,NA1_3836417417
21076,243,65,25192,23539,273,78,27582,26,5,1,0,1,0,0,0,0,6,9,12,25,10,0,0,0,0,0,1,0,12,9,6,1616982991935,blue,NA1_3844912715
23366,309,40,27958,27887,323,92,31048,17,6,0,0,0,0,1,0,0,11,4,16,26,1,0,1,0,0,0,0,0,16,14,11,1616190083517,red,NA1_3832896959
26895,272,83,28565,22247,171,60,25880,28,6,0,0,0,0,1,1,0,13,5,13,22,5,1,0,1,0,0,0,0,13,15,13,1616799683793,blue,NA1_3842250301
23867,256,80,28636,23116,264,76,28245,23,5,0,1,0,0,0,1,0,12,6,11,23,3,0,0,0,0,0,0,0,11,8,12,1615845626940,red,NA1_3827048222
22986,185,54,24435,21002,179,68,24057,16,0,1,0,0,0,2,1,0,10,9,11,12,1,0,0,0,0,0,0,0,11,5,10,1615733156021,red,NA1_3825342635
24323,278,93,29076,25424,280,103,29629,15,2,1,0,1,0,0,0,0,10,12,9,16,1,0,0,0,0,0,1,0,9,7,10,1616966911929,red,NA1_3844633947
27989,292,96,31269,22346,271,48,26372,24,1,0,0,0,1,1,1,0,18,9,9,20,4,0,0,1,0,0,0,0,9,9,18,1616902144839,blue,NA1_3843604718
22535,244,53,28478,24715,297,88,29777,32,6,0,0,0,0,0,1,0,10,6,12,19,6,0,0,1,0,0,0,0,12,10,10,1616735453079,red,NA1_3841350131
20184,234,44,25198,22028,280,77,25838,24,5,0,1,0,0,0,0,0,6,9,5,26,5,1,0,0,0,0,1,0,5,7,6,1616618356119,red,NA1_3839488948
27112,263,76,29841,19718,225,56,23852,28,0,0,0,1,1,1,0,0,16,13,6,10,2,0,0,0,0,0,0,0,6,0,16,1617139808378,blue,NA1_3846997018
21048,215,68,24046,24681,293,76,28289,27,2,0,1,0,0,0,0,0,9,5,15,22,3,0,0,1,0,0,0,0,15,8,9,1615533210582,red,NA1_3821869753
26162,274,68,29524,25654,256,84,27831,23,0,0,0,0,0,0,0,0,14,17,13,16,3,0,1,1,0,1,1,0,13,10,14,1615337520805,blue,NA1_3818307223
22924,261,84,28814,23741,306,72,27029,19,3,0,0,1,0,0,0,0,10,12,8,20,3,0,0,0,0,0,1,0,8,10,10,1616018691998,blue,NA1_3830151515
26125,256,84,27157,23745,222,60,26851,19,1,0,1,1,0,1,1,0,14,14,14,22,0,0,0,0,0,0,0,0,14,14,14,1615933825296,red,NA1_3828495975
18777,237,80,25242,25573,303,100,30260,17,1,0,0,0,0,0,1,0,2,2,12,28,2,1,1,0,0,1,0,0,12,6,2,1616047601398,red,NA1_3830740679
20945,244,68,26503,26962,306,101,31346,23,2,0,0,0,0,0,0,0,8,4,15,19,6,0,1,0,0,1,1,0,15,12,8,1616796620497,red,NA1_3842078392
23421,256,78,27523,23105,255,66,26921,19,5,1,0,0,1,1,1,0,8,8,10,24,3,0,0,0,0,0,0,0,10,10,8,1616985990753,blue,NA1_3844961504
25745,307,90,30242,22795,299,81,27923,15,5,0,1,0,1,0,1,0,10,11,8,20,3,0,0,0,0,0,0,0,8,8,10,1615524685637,blue,NA1_3821662447
31662,295,88,32040,21011,217,58,23957,25,4,1,1,0,0,4,1,0,25,17,5,23,1,0,0,0,0,1,0,0,5,5,25,1615846979299,blue,NA1_3827104430
22622,229,51,24542,29084,322,60,26501,25,6,0,0,0,0,0,0,0,11,21,15,26,3,0,0,1,0,3,1,0,15,11,11,1616989364782,red,NA1_3845062731
24105,275,48,27402,23119,240,76,26363,26,6,0,0,0,0,0,0,0,13,9,10,21,6,0,1,1,0,0,0,0,10,7,13,1615864732502,red,NA1_3827527910
20201,311,54,27191,21677,304,70,25942,23,1,0,0,0,1,0,0,0,4,3,4,21,1,0,0,0,0,0,0,0,4,2,4,1615773549355,red,NA1_3825934543
24469,256,46,29538,24442,297,90,28092,19,6,0,0,0,1,0,0,0,15,17,11,18,3,0,0,0,0,0,1,0,11,9,15,1617157322372,blue,NA1_3847323673
22541,230,68,27033,25783,322,68,28806,21,2,0,1,1,0,0,0,0,10,11,12,19,3,0,0,0,0,1,1,0,12,8,10,1616711488416,red,NA1_3840897298
26336,303,76,29324,24098,247,80,26530,21,4,0,0,1,1,1,0,0,14,10,9,19,7,0,0,0,0,0,1,0,9,12,14,1617151808584,blue,NA1_3847148034
23341,282,52,28056,24347,314,87,30023,24,2,0,0,1,0,0,1,0,9,6,10,21,4,0,0,0,0,0,0,0,10,5,9,1616050384470,red,NA1_3830716764
22316,265,72,28553,21192,280,80,27342,31,3,1,0,1,0,0,1,0,10,5,6,25,3,0,0,0,0,0,0,0,6,3,10,1616904349813,blue,NA1_3843661927
22758,298,68,26241,25956,275,60,28009,20,2,0,0,0,0,0,0,0,7,9,14,22,3,0,0,0,1,1,0,0,14,17,7,1616206729554,red,NA1_3833184498
25822,335,68,28926,21709,239,64,26277,29,4,0,0,1,0,1,1,0,13,10,7,18,6,0,0,0,0,0,0,0,7,9,13,1616987611579,blue,NA1_3845026327
22794,254,63,26102,27092,301,68,28179,26,3,0,0,0,0,0,1,0,10,6,15,19,4,1,0,0,1,1,0,0,15,16,10,1616041509235,red,NA1_3830553236
18155,231,70,22948,24080,304,90,29916,23,3,1,0,0,0,0,0,0,2,3,9,25,2,0,0,1,0,0,1,0,9,7,2,1615859069988,red,NA1_3827410823
24238,276,80,28836,21974,262,80,26988,22,6,0,0,1,1,0,1,0,14,15,6,24,2,0,0,0,0,0,0,0,6,5,14,1617067831611,blue,NA1_3846125763
20799,243,58,25218,21943,260,54,25434,16,4,0,0,0,0,0,0,0,10,8,9,23,2,0,0,0,0,0,0,0,9,6,10,1616714833061,blue,NA1_3840916647
21226,263,72,28468,24753,318,60,28034,19,4,0,0,0,0,0,0,0,8,3,10,23,5,0,0,1,0,0,1,0,10,11,8,1617142803570,blue,NA1_3846999536
26597,236,64,27650,28069,216,60,27746,25,4,0,1,0,1,0,0,0,19,19,20,24,4,0,0,0,0,1,1,0,20,21,19,1616199742646,blue,NA1_3833044653
26424,297,109,29153,23738,265,60,27697,23,6,0,0,1,0,2,0,0,9,6,8,26,5,0,1,0,0,1,1,0,8,11,9,1616802883764,blue,NA1_3842274906
26712,286,84,28719,21310,310,96,27853,25,1,0,0,0,1,0,1,0,13,14,3,24,2,1,0,0,0,0,0,0,3,0,13,1616627956800,red,NA1_3839606359
21779,283,52,26918,25945,312,76,28289,21,1,1,0,0,0,0,0,0,7,6,13,16,9,0,0,0,1,0,1,0,13,15,7,1615519747450,red,NA1_3821529197
29483,295,78,29522,18594,218,56,22641,23,5,0,0,1,0,2,0,0,20,13,4,20,4,1,0,0,0,0,1,0,4,2,20,1616039197774,blue,NA1_3830538307
26219,366,74,30718,24015,247,68,28070,15,1,1,1,0,0,0,0,0,12,6,13,23,4,0,0,0,0,0,1,0,13,10,12,1617230510026,red,NA1_3848507129
25619,304,80,29611,22351,270,76,27086,25,7,1,0,1,0,0,0,0,15,12,8,18,5,0,0,0,0,0,0,0,8,6,15,1615527802656,red,NA1_3821770979
27201,295,109,30973,21744,296,62,26071,23,8,0,0,0,0,2,1,0,11,12,6,25,7,1,0,0,0,0,0,0,6,5,11,1616542830984,blue,NA1_3838594969
21992,291,112,29530,25182,293,72,28904,27,1,0,0,1,0,0,0,0,7,2,10,21,2,0,1,0,0,2,1,0,10,9,7,1616554657302,red,NA1_3838843259
25893,254,100,27667,22164,257,48,25888,20,4,0,1,1,0,2,1,0,12,6,7,21,1,0,0,0,0,0,0,0,7,7,12,1615857149272,blue,NA1_3827298020
23396,306,72,28170,24454,328,112,30339,17,8,0,0,0,0,0,0,0,8,7,9,19,6,0,0,0,1,0,1,0,9,4,8,1616459608690,blue,NA1_3837345368
24026,307,78,28092,25777,281,99,30181,23,2,0,0,0,0,0,0,0,9,5,13,18,2,1,0,0,1,1,1,0,13,6,9,1615674218020,blue,NA1_3824220543
23050,287,132,30418,22757,259,45,26674,20,2,0,0,1,1,0,0,0,8,3,10,17,3,0,0,0,0,0,1,0,10,10,8,1616461735986,blue,NA1_3837402087
23426,270,76,27791,20783,252,52,23768,17,6,1,0,0,0,0,0,0,12,10,5,20,3,0,0,0,0,0,0,0,5,8,12,1617145365826,blue,NA1_3847065545
27105,310,108,30778,20009,260,56,25578,21,2,0,1,0,0,0,1,0,15,16,5,24,3,0,0,0,1,0,0,0,5,4,15,1616977731218,blue,NA1_3844769100
24311,290,48,28145,24984,260,99,27426,18,3,1,0,0,0,0,0,0,12,12,11,19,5,0,1,0,0,1,1,0,11,8,12,1616805596503,blue,NA1_3842342385
26337,259,104,29970,21035,222,60,28404,25,2,0,1,1,0,1,1,0,13,11,9,20,4,0,0,0,0,0,0,0,9,6,13,1615888690196,blue,NA1_3827925535
25873,284,64,27235,24685,253,92,28953,29,5,0,1,0,0,1,1,0,13,9,12,22,3,0,0,1,0,0,0,0,12,13,13,1615870164355,red,NA1_3827664655
24749,262,80,30210,20823,196,68,26178,19,2,0,0,0,1,1,0,0,13,12,6,16,3,0,0,0,0,0,1,0,6,4,13,1616451463331,blue,NA1_3837309790
24202,257,80,27640,21461,269,52,24594,22,2,0,0,0,0,2,1,0,12,6,6,16,2,1,0,0,0,1,0,0,6,6,12,1615738087675,blue,NA1_3825403603
26910,242,66,27785,24700,275,52,25311,26,3,0,0,1,0,1,1,0,17,10,12,22,7,0,0,0,0,1,0,0,12,12,17,1615867126265,blue,NA1_3827576594
24704,291,72,30132,25397,294,88,29249,24,0,0,0,1,0,0,0,0,15,9,12,18,2,1,0,0,0,0,0,0,12,7,15,1616913447784,blue,NA1_3844046921
26483,258,56,26436,25516,240,56,27018,22,3,1,0,0,0,2,0,0,12,18,14,22,4,0,0,1,0,1,1,0,14,11,12,1615679806721,blue,NA1_3824330890
19883,239,80,25165,28048,292,129,32810,17,2,0,0,0,0,0,0,0,4,1,19,17,2,1,0,0,1,0,0,0,19,14,4,1615736236773,red,NA1_3825420742
25594,291,101,31042,21654,282,71,26751,16,3,0,1,0,0,1,1,0,12,12,7,18,1,0,0,1,0,0,0,0,7,5,12,1616456877810,blue,NA1_3837329630
22012,269,67,26173,24090,283,100,27830,26,5,0,0,0,0,0,0,0,7,8,12,25,5,1,0,0,1,0,0,0,12,10,7,1616963801635,red,NA1_3844549525
24640,319,84,27266,22088,261,88,28898,25,5,1,0,0,0,1,1,0,7,11,7,17,4,0,0,0,1,0,0,0,7,9,7,1616208965291,blue,NA1_3833241711
23343,216,79,26735,27627,256,68,28716,17,2,0,0,1,1,0,0,0,13,9,15,16,2,0,0,0,0,2,1,0,15,11,13,1615669276268,blue,NA1_3824079612
23388,236,76,28794,22783,267,77,29784,23,2,1,0,0,0,0,1,0,11,6,8,15,3,0,0,0,0,0,0,0,8,6,11,1615855793669,blue,NA1_3827330452
26641,276,71,29150,22138,206,48,26500,16,4,0,1,0,1,1,0,0,13,13,13,22,3,0,0,0,0,0,0,0,13,14,13,1616980697419,blue,NA1_3844854152
22642,229,68,26980,24739,255,64,28863,20,1,0,0,0,1,0,0,0,10,8,14,18,2,1,0,0,0,0,1,0,14,7,10,1616992001453,blue,NA1_3845097050
21586,255,62,24889,26915,297,64,29150,20,5,0,0,0,0,0,1,0,6,5,16,24,7,0,0,1,1,2,0,0,16,9,6,1616708983870,red,NA1_3840874101
20745,175,68,23303,24615,261,87,26139,18,3,0,0,1,0,0,1,0,10,6,11,28,5,0,1,0,0,0,0,0,11,11,10,1615516310076,red,NA1_3821495509
26446,232,68,27759,23171,231,88,26203,24,4,0,0,0,0,0,1,0,13,17,11,20,1,1,0,1,0,0,0,0,11,9,13,1616052946746,blue,NA1_3830773180
23794,236,63,25486,23998,251,82,27692,24,5,0,0,1,0,0,1,0,9,7,12,26,7,0,1,0,0,1,0,0,12,14,9,1616719227015,blue,NA1_3841002495
22713,272,90,26488,23442,269,64,26909,22,2,0,0,0,0,0,1,0,6,8,13,20,1,0,1,0,0,0,0,0,13,12,6,1616952615549,blue,NA1_3844456744
27332,261,78,29179,24085,288,68,27313,25,4,0,1,0,0,1,1,0,17,14,12,18,3,0,0,1,0,0,0,0,12,16,17,1616975857061,red,NA1_3844764092
26893,250,80,29378,23343,252,72,25822,19,1,0,0,0,1,0,0,0,17,14,10,21,1,1,0,0,0,0,0,0,10,10,17,1616625140416,blue,NA1_3839592404
26055,237,48,27146,24133,216,100,28064,23,3,0,0,0,0,0,1,0,13,24,12,13,5,1,1,0,0,0,0,0,12,17,13,1616994188607,blue,NA1_3845153523
21011,238,78,27296,24948,284,88,29068,21,4,1,0,0,0,0,0,0,9,4,11,25,2,0,0,0,0,0,0,0,11,9,9,1615443328293,blue,NA1_3820321224
24569,299,84,28442,24301,276,64,27560,21,3,1,0,0,0,1,0,0,9,9,10,29,5,0,0,1,0,1,1,0,10,8,9,1616045387076,blue,NA1_3830673351
19936,282,92,26304,28199,380,80,31869,23,7,0,0,0,0,0,0,0,1,2,13,28,8,1,0,0,1,2,1,0,13,11,1,1616968214077,red,NA1_3844668256
19543,228,56,25417,25835,310,64,28527,14,3,0,0,0,0,0,1,0,6,4,10,26,3,0,0,0,1,2,0,0,10,7,6,1616957504114,red,NA1_3844495124
22490,230,79,27691,25252,276,71,30668,23,5,0,0,0,0,0,1,0,7,5,15,17,5,1,1,0,0,0,0,0,15,14,7,1616449444046,red,NA1_3837225441
23686,257,74,26076,27255,299,98,30678,18,2,0,0,0,0,0,1,0,9,11,16,15,3,1,0,0,1,1,0,0,16,11,9,1616379828288,blue,NA1_3836313403
22009,262,72,25972,30061,321,112,32327,22,4,0,0,0,0,0,0,0,8,7,16,24,4,0,1,0,1,2,1,0,16,17,8,1616463857529,red,NA1_3837418299
23071,238,72,25284,23107,259,48,24761,20,6,0,1,0,0,0,0,0,10,15,8,23,4,0,0,0,0,1,0,0,8,8,10,1615586445975,red,NA1_3822533238
22619,273,68,27471,25672,294,74,28514,20,6,0,0,0,0,0,0,0,8,8,10,27,6,1,0,0,0,1,1,0,10,10,8,1613595988623,red,NA1_3792008783
26847,280,72,27725,25245,279,68,26803,24,2,0,0,0,0,0,0,0,13,10,14,18,4,0,0,1,1,1,1,0,14,9,13,1614046517591,red,NA1_3799120176
24354,239,76,28289,24875,256,80,28867,19,4,1,1,0,0,0,0,0,13,17,14,19,3,0,0,0,0,0,0,0,14,16,13,1612813775414,blue,NA1_3779707368
25239,227,56,24622,27771,221,72,26068,20,2,0,1,0,0,0,0,0,19,19,18,21,3,1,0,0,0,1,0,0,18,21,19,1613697850911,red,NA1_3793721352
18748,209,53,23137,22116,227,82,27974,18,0,0,0,0,0,0,0,0,5,5,11,15,1,0,0,1,0,0,1,0,11,10,5,1615182439313,red,NA1_3816381292
22980,232,105,28835,22694,249,52,28233,17,1,0,0,0,0,0,1,0,7,6,10,17,1,1,0,0,0,0,0,0,10,12,7,1612775320332,blue,NA1_3779299401
26080,238,77,28589,21436,212,56,24962,25,2,1,0,0,1,2,1,0,15,13,8,22,4,0,0,0,0,0,0,0,8,7,15,1613948934093,blue,NA1_3797779196
24631,233,72,26235,25310,198,60,26913,25,1,0,0,0,0,1,0,0,11,7,20,18,2,0,1,1,0,0,1,0,20,19,11,1614802980767,red,NA1_3810542939
20454,223,60,24414,24970,345,81,29744,16,2,0,1,1,0,0,0,0,6,7,10,22,4,0,0,0,0,1,1,0,10,4,6,1612603477984,red,NA1_3776086867
20530,197,65,23835,23015,269,48,27137,17,4,0,0,0,0,0,0,0,8,8,12,23,4,0,0,1,0,0,1,0,12,15,8,1612918838698,red,NA1_3781255691
21501,246,59,24143,24308,245,85,26785,19,4,0,0,0,0,0,0,0,7,5,9,19,0,0,1,0,0,3,1,0,9,6,7,1613289976295,red,NA1_3787473876
28573,269,92,29806,20637,223,44,24556,22,1,1,1,0,0,2,0,0,19,15,6,29,1,0,0,0,0,0,0,0,6,6,19,1613962303998,blue,NA1_3798060553
23231,256,62,25723,21696,276,86,26900,28,5,0,1,0,0,0,1,0,11,11,5,18,3,0,0,0,0,0,0,0,5,5,11,1613029026743,blue,NA1_3783242071
24698,297,81,28878,23916,270,75,28313,20,6,0,0,0,1,0,0,0,12,10,8,15,5,0,0,0,0,1,0,0,8,6,12,1613968640542,blue,NA1_3798177321
23213,306,64,28644,24621,247,64,30666,22,1,0,0,0,0,0,0,0,9,7,16,24,2,0,0,0,1,0,0,0,16,13,9,1613453268271,red,NA1_3790010043
21349,269,76,27009,27730,321,80,31035,23,4,0,0,0,0,0,0,0,8,3,15,25,6,1,0,1,0,1,1,0,15,12,8,1613888009968,red,NA1_3796824487
26478,319,84,30322,21808,255,80,27194,26,8,1,0,0,0,1,1,0,10,10,6,18,7,0,0,1,0,0,0,0,6,10,10,1613457571675,blue,NA1_3790111660
22491,226,56,25900,23952,252,70,27566,21,1,0,0,0,0,1,1,0,10,4,12,16,4,0,0,1,1,0,0,0,12,14,10,1613345780427,red,NA1_3788100744
24175,264,77,30382,19702,245,78,25263,14,4,1,0,0,1,0,1,0,11,6,3,16,1,0,0,0,0,0,0,0,3,3,11,1613210576776,blue,NA1_3786008088
20072,221,63,23190,24602,273,69,28980,12,0,0,0,0,0,0,0,0,7,5,9,16,2,0,0,1,1,2,1,0,9,12,7,1612868139662,red,NA1_3780665700
23982,242,82,26935,24026,275,46,25313,22,3,0,0,0,0,1,0,0,12,8,11,22,4,1,0,0,0,1,1,0,11,9,12,1613802938434,red,NA1_3795599196
24744,271,75,29505,20607,251,52,25427,28,5,1,0,0,0,1,0,0,11,7,6,27,3,0,0,0,0,0,0,0,6,6,11,1613700868567,blue,NA1_3793758670
22300,244,68,26674,26810,272,88,30357,21,3,0,0,0,0,0,0,0,8,6,13,26,3,0,1,1,0,2,1,0,13,9,8,1612917049379,red,NA1_3781211899
22940,253,70,26224,24402,298,74,28787,20,1,0,0,1,0,1,1,0,7,7,9,21,2,0,0,0,0,0,0,0,9,12,7,1613727173236,red,NA1_3794302512
18805,215,34,24078,31490,344,102,31113,13,0,0,0,0,0,0,0,0,3,1,19,21,1,1,0,1,0,3,1,0,19,18,3,1613378962679,red,NA1_3788958168
24483,258,43,29029,24068,250,84,28802,22,2,0,0,0,1,1,0,0,10,9,11,24,3,0,0,1,0,1,0,0,11,5,10,1613369545926,red,NA1_3788779801
27239,228,58,25742,33314,256,78,30694,18,1,0,0,0,0,0,0,0,20,18,25,21,2,0,1,1,0,2,1,0,25,23,20,1613804773545,red,NA1_3795675673
27469,256,76,30086,20313,225,72,24884,16,2,0,1,0,0,1,0,0,20,15,6,18,4,0,0,0,0,0,0,0,6,6,20,1614826332694,blue,NA1_3810903793
25368,236,84,30053,23628,264,92,27597,17,1,0,1,0,0,1,0,0,14,8,9,22,3,0,0,0,0,0,1,0,9,7,14,1612647682588,blue,NA1_3776882086
27326,301,84,28872,19207,238,61,23693,23,2,0,0,1,1,2,1,0,14,12,3,16,4,0,0,0,0,0,0,0,3,2,14,1613347339075,blue,NA1_3788076421
20249,267,72,26121,24101,282,68,28365,24,2,0,1,0,0,0,0,0,4,2,9,18,3,0,0,0,0,1,1,0,9,7,4,1613460196493,blue,NA1_3790098596
20564,278,70,24793,23283,253,100,30041,19,4,0,0,0,0,0,0,0,2,1,10,24,2,0,1,0,1,0,1,0,10,5,2,1614402364579,red,NA1_3804561462
19961,186,60,23886,24842,240,59,27719,27,6,0,0,0,0,0,0,0,6,6,19,20,5,1,0,0,1,0,1,0,19,13,6,1613279361025,red,NA1_3787232868
22584,211,64,25390,28949,300,77,31200,17,4,0,0,0,0,0,1,0,11,13,17,23,2,1,1,0,0,2,0,0,17,13,11,1613583179289,red,NA1_3791878048
21411,290,80,27074,21446,295,80,27930,20,5,0,1,0,0,0,0,0,6,3,6,20,4,0,0,1,0,0,0,0,6,2,6,1613964892796,red,NA1_3798066751
21412,266,59,26273,19007,216,71,24047,28,4,0,0,1,1,0,0,0,7,7,3,26,6,0,0,0,0,0,1,0,3,3,7,1612763381728,blue,NA1_3779039876
25333,268,71,30558,19609,255,53,26024,18,1,1,0,0,0,0,0,0,17,18,2,18,1,0,0,0,0,0,0,0,2,2,17,1613021801020,blue,NA1_3783101619
23996,321,88,28924,20122,248,68,24124,15,2,1,0,0,0,0,1,0,11,9,5,20,0,0,0,0,1,0,0,0,5,6,11,1614050136656,blue,NA1_3799200758
23596,275,56,27061,23272,324,68,28199,17,4,0,0,0,0,1,1,0,8,7,8,22,4,1,0,1,0,0,0,0,8,10,8,1614828959910,red,NA1_3810960011
21514,244,88,25392,25656,216,82,26831,13,6,0,0,0,0,0,0,0,7,5,16,28,4,0,0,1,1,0,0,0,16,20,7,1612760918800,red,NA1_3778893644
26199,219,72,29233,25410,245,64,29625,20,5,0,0,0,0,1,0,0,14,11,19,20,2,1,0,0,0,0,1,0,19,6,14,1613024409663,red,NA1_3783107693
23499,234,73,28230,22809,241,76,26539,21,1,0,1,1,0,0,1,0,12,7,7,20,4,0,0,0,0,1,0,0,7,9,12,1614742634879,blue,NA1_3809545342
22637,263,44,25770,24477,228,89,26549,20,4,0,0,0,0,1,0,0,8,5,12,21,4,0,1,0,0,0,1,0,12,17,8,1614740240637,red,NA1_3809521023
25516,316,68,29434,22889,241,72,27959,26,0,0,1,1,0,1,1,0,12,10,10,22,5,0,0,0,0,0,0,0,10,10,12,1614372218544,blue,NA1_3804056031
25790,230,67,27414,23271,206,68,26749,19,0,0,1,0,0,1,1,0,20,14,12,22,3,1,0,0,0,0,0,0,12,9,20,1614369461227,blue,NA1_3804042213
22249,269,56,26677,23692,273,48,26445,25,2,0,0,0,1,0,0,0,10,6,12,24,3,0,0,0,0,0,1,0,12,6,10,1613590025230,blue,NA1_3791937630
19495,171,55,23474,29243,248,48,28631,19,1,1,0,0,0,0,0,0,8,2,21,19,1,0,1,0,0,3,1,0,21,23,8,1613351922890,red,NA1_3788175377
21038,276,65,27454,24241,301,62,29203,26,2,0,0,0,1,0,0,0,5,7,11,25,2,0,0,0,0,1,1,0,11,5,5,1613363579018,blue,NA1_3788552290
25677,284,112,30892,19360,247,62,27438,25,3,0,0,0,1,1,1,0,10,5,4,14,3,0,0,0,0,0,0,0,4,2,10,1613281570745,blue,NA1_3787273778
22103,246,72,25843,27205,321,92,29888,19,5,0,0,1,0,0,0,0,9,13,19,26,4,0,1,0,0,0,1,0,19,12,9,1613027037643,blue,NA1_3783147272
28869,179,78,29122,21730,183,48,23679,22,3,1,0,0,0,2,0,0,28,24,12,20,3,0,0,0,1,0,0,0,12,5,28,1613284654788,red,NA1_3787279512
23871,233,88,26235,26173,239,88,28351,19,2,0,0,0,1,1,1,0,13,8,14,26,2,0,1,0,0,1,0,0,14,15,13,1612584425077,red,NA1_3775672390
27954,265,72,27775,25797,238,68,25596,18,1,1,0,0,0,1,0,0,19,13,13,21,2,0,1,0,0,1,0,0,13,14,19,1612758159703,blue,NA1_3778811776
20134,232,88,26575,21848,279,76,26864,21,6,0,0,0,0,0,1,0,4,3,8,16,4,0,1,0,1,0,0,0,8,11,4,1614117909487,red,NA1_3800260626
27414,304,80,29760,20121,208,52,23183,16,2,1,0,0,1,0,1,0,19,16,7,22,1,0,0,0,0,0,0,0,7,5,19,1613591783342,blue,NA1_3792011486
26376,252,52,28454,19458,199,60,21698,21,2,1,0,0,0,1,1,0,16,12,7,19,3,0,0,0,0,0,0,0,7,8,16,1614997418926,blue,NA1_3813362094
27783,305,72,29749,23234,262,72,26841,20,1,0,1,0,0,3,1,1,15,19,9,18,1,0,0,0,0,0,0,0,9,10,15,1612745905473,blue,NA1_3778467429
23827,236,76,29118,22365,298,84,27210,21,3,1,1,0,0,0,1,0,14,15,4,23,1,0,0,0,0,0,0,0,4,1,14,1612656380381,blue,NA1_3777015279
20347,207,70,22761,21860,235,69,25297,20,3,0,0,0,1,0,1,0,4,6,8,24,3,0,0,0,0,0,0,0,8,7,4,1613360784004,red,NA1_3788411341
21292,278,81,25886,24877,304,83,29806,22,1,0,1,0,0,0,1,0,4,5,12,18,2,0,0,0,0,0,0,0,12,8,4,1612570782244,red,NA1_3775400238
25114,257,72,30710,20694,250,58,24846,23,1,0,1,0,0,0,1,0,17,14,8,15,4,1,0,0,0,0,0,0,8,4,17,1613366174369,blue,NA1_3788628618
22006,203,63,26905,24043,231,66,26438,19,1,0,0,1,0,0,0,0,11,10,11,23,2,0,1,0,0,1,1,0,11,6,11,1613177441332,blue,NA1_3785371812
20709,207,52,23107,21821,205,80,24103,26,3,0,0,0,0,0,0,0,8,12,9,19,5,1,0,0,1,1,1,0,9,4,8,1612751188107,red,NA1_3778538809
22003,225,72,25893,23819,280,92,28715,19,1,0,0,0,0,0,1,0,6,6,9,20,8,0,1,0,1,1,0,0,9,5,6,1614986744016,red,NA1_3813116890
21041,220,52,24052,26799,270,82,29061,15,2,0,0,0,0,0,0,0,8,8,17,23,6,1,1,0,0,1,1,0,17,17,8,1614738747780,red,NA1_3809492611
25878,277,72,28728,24764,233,64,26204,20,5,0,1,0,0,1,1,0,15,8,13,22,1,1,0,0,0,1,0,0,13,14,15,1613713902511,blue,NA1_3794132107
28739,229,87,27987,20992,168,62,21842,21,5,0,1,0,0,2,1,0,20,16,7,17,3,0,0,0,0,0,0,0,7,10,20,1613587319617,blue,NA1_3791926271
23806,277,93,28766,19210,235,76,25165,22,2,1,0,0,1,0,0,0,9,9,4,14,2,0,0,0,0,0,1,0,4,3,9,1614044438901,blue,NA1_3799063820
20466,230,53,23271,26133,257,68,26626,24,2,0,0,1,0,0,0,0,8,7,19,22,4,1,0,0,0,0,0,0,19,16,8,1613950885974,red,NA1_3797827438
24541,239,84,28623,30738,289,68,30794,21,1,0,0,1,0,0,0,0,13,10,22,14,1,0,0,0,0,0,1,0,22,17,13,1614038397881,blue,NA1_3798908832
22582,245,75,30555,23417,246,67,28307,17,4,1,1,0,0,0,0,0,10,5,9,26,1,0,0,0,0,0,1,0,9,6,10,1613455488179,red,NA1_3790045922
21582,264,68,28759,23503,294,64,26419,18,4,1,0,0,0,0,2,0,9,4,9,24,0,0,1,0,0,0,0,0,9,12,9,1614995032476,blue,NA1_3813233243
24918,286,84,28643,24842,218,81,29365,20,3,1,1,0,0,0,0,0,12,9,11,21,2,0,0,0,0,1,0,0,11,13,12,1612601698561,red,NA1_3776101192
22550,293,100,29502,21141,224,60,26259,25,3,1,0,1,0,0,0,0,5,5,8,29,1,0,0,0,0,0,1,0,8,10,5,1615189020811,red,NA1_3816525449
25884,272,72,27222,23737,299,63,27079,22,1,0,1,0,0,2,1,0,9,6,9,15,0,1,0,0,0,0,0,0,9,11,9,1613593887677,red,NA1_3791968422
23978,260,105,30284,18499,238,75,26014,18,1,0,0,1,0,1,1,0,8,9,2,20,0,1,0,0,0,0,0,0,2,0,8,1612605463392,blue,NA1_3776159773
20064,276,68,24912,24751,254,92,30174,19,1,0,0,0,0,0,1,0,2,0,14,17,3,0,1,0,0,0,0,0,14,10,2,1613800765874,red,NA1_3795604049
27744,325,93,32490,21435,248,67,25536,16,4,0,0,0,1,2,0,0,17,10,7,15,2,0,0,0,0,0,0,0,7,6,17,1613353627078,blue,NA1_3788202709
17608,200,44,21648,28987,234,96,29912,14,2,0,0,0,0,0,0,0,3,2,15,17,2,0,0,1,0,4,1,0,15,19,3,1614042229892,red,NA1_3799049861
24911,200,104,28755,26663,273,64,28908,19,1,0,0,0,1,0,1,0,10,6,15,21,2,0,0,1,0,0,0,0,15,7,10,1612772994764,red,NA1_3779256825
24147,254,79,29574,19940,195,52,24162,15,3,0,0,0,0,1,1,0,11,7,7,18,3,1,0,0,0,0,0,0,7,6,11,1613878478476,blue,NA1_3796600361
18888,184,84,24395,26748,266,56,28752,16,1,0,0,0,0,0,1,0,4,2,18,17,0,0,0,0,1,1,0,0,18,20,4,1612747161095,red,NA1_3778580197
25080,248,66,27014,22853,198,81,27029,18,4,0,1,0,0,0,0,0,13,11,9,22,2,0,0,0,1,0,1,0,9,9,13,1614115565654,blue,NA1_3800177233
18824,253,51,23396,24963,259,94,29684,15,2,0,0,0,0,0,0,0,2,1,12,15,2,0,1,1,0,0,0,0,12,12,2,1614988668857,red,NA1_3813180589
22588,247,68,26954,25870,263,82,29641,22,1,0,0,0,0,1,1,0,6,2,15,17,4,1,0,1,0,1,0,0,15,13,6,1613890052541,red,NA1_3796868298
23798,274,92,28156,20137,268,44,24650,17,6,0,0,0,1,1,1,0,10,8,4,22,3,0,0,0,0,0,0,0,4,4,10,1614381627283,red,NA1_3804134660
23572,302,87,28191,19356,228,68,25931,24,1,1,1,0,0,1,0,0,6,6,3,16,1,0,0,0,0,0,0,0,3,4,6,1612866484360,red,NA1_3780623607
20979,211,44,24613,26334,330,96,31700,20,1,0,0,0,0,0,0,0,7,7,12,18,0,0,0,0,1,1,0,0,12,4,7,1612754459270,red,NA1_3778721649
25959,304,64,29613,25364,312,52,28709,22,3,0,0,0,0,1,1,0,12,9,12,24,1,0,1,0,0,0,0,0,12,10,12,1614905153785,blue,NA1_3811775966
22009,242,84,26517,22043,275,56,26814,28,7,1,0,0,0,0,0,0,8,10,7,24,8,0,0,0,0,0,0,0,7,8,8,1614399741577,red,NA1_3804480763
24632,337,87,30444,19446,230,72,26683,25,1,0,0,0,1,0,0,0,9,7,5,15,1,0,0,0,0,0,0,0,5,3,9,1613350126494,blue,NA1_3788152473
23587,298,80,27988,23232,252,74,27329,22,4,0,0,1,0,0,1,0,9,6,9,29,5,1,0,0,0,0,0,0,9,14,9,1614808968179,blue,NA1_3810593000
27319,333,84,30350,22426,265,54,27377,20,3,1,0,0,0,1,1,0,13,13,8,18,4,0,0,0,0,0,0,0,8,7,13,1613585909783,blue,NA1_3791931444
24106,269,68,27099,25458,260,88,28007,23,3,1,0,0,0,1,0,0,9,4,14,21,2,0,0,1,0,0,0,0,14,15,9,1613344128815,red,NA1_3788035003
25831,295,71,29061,18269,187,80,24916,16,1,0,1,0,0,2,1,0,12,12,3,17,0,0,0,0,1,0,0,0,3,1,12,1613355661473,blue,NA1_3788236361
26730,266,60,28080,23897,257,84,25679,23,3,1,0,1,0,2,0,0,16,21,7,22,2,0,0,0,0,1,1,0,7,5,16,1614404801427,blue,NA1_3804606888
25301,316,62,29871,19747,255,62,25545,21,6,0,0,0,0,1,1,0,9,8,4,25,2,1,0,0,0,0,0,0,4,2,9,1615180272401,blue,NA1_3816234760
25357,226,106,30099,22095,252,32,27757,19,2,1,0,0,1,1,1,0,16,2,10,15,1,0,0,0,0,0,0,0,10,7,16,1614035780103,red,NA1_3798931352
21642,205,66,23885,23630,177,74,25355,16,3,0,0,0,0,0,0,0,9,3,16,21,2,0,0,1,1,0,1,0,16,13,9,1612397906950,red,NA1_3772592621
24504,252,72,30146,23296,254,80,27876,19,4,0,0,0,1,1,0,0,12,6,10,26,2,0,0,1,0,0,1,0,10,8,12,1612236217965,blue,NA1_3769956009
20545,223,80,22577,28738,224,95,27496,17,1,1,0,0,0,0,0,0,5,4,18,18,0,0,0,0,0,0,1,0,18,20,5,1612432936685,red,NA1_3773250751
22979,230,82,27992,24461,238,81,27772,17,2,0,0,1,0,0,0,0,11,11,12,22,0,0,0,0,0,0,1,0,12,8,11,1612416871462,blue,NA1_3772932236
24238,237,80,27010,22207,254,56,24823,18,3,0,0,0,1,1,1,0,12,15,6,20,4,0,0,1,0,0,0,0,6,5,12,1612312986366,red,NA1_3771233432
23481,256,90,28986,23282,275,80,26105,16,0,0,0,0,0,0,0,0,13,14,6,23,3,0,0,1,1,1,1,0,6,5,13,1612240967392,blue,NA1_3770101795
22067,321,86,30206,22025,310,90,28269,20,2,0,0,0,1,0,0,0,3,1,5,16,1,0,0,1,0,0,0,0,5,7,3,1612553344090,blue,NA1_3775067579
23972,242,79,27213,23935,264,45,25924,16,1,0,1,1,0,0,0,0,13,9,10,23,1,0,0,0,0,1,0,0,10,9,13,1612329583297,blue,NA1_3771555403
21912,252,100,28137,28549,313,91,30796,14,0,1,0,0,0,0,0,0,7,8,15,22,0,0,1,0,0,3,1,0,15,10,7,1612218927626,red,NA1_3769681919
24209,279,88,26676,23433,244,80,27306,22,5,0,1,1,0,0,1,0,12,12,9,26,3,0,0,0,0,0,0,0,9,4,12,1612119613454,blue,NA1_3767904152
23400,278,92,29037,28248,282,80,31459,27,1,0,0,1,0,0,0,0,9,11,16,13,7,1,0,0,0,1,1,0,16,22,9,1612151354203,red,NA1_3768787052
20727,180,64,23565,28590,259,71,29340,7,0,0,0,0,0,0,0,0,6,7,18,16,0,1,0,0,0,1,1,0,18,17,6,1612325310899,red,NA1_3771463659
22257,307,80,27771,25291,291,68,29619,12,5,0,0,0,0,0,0,0,5,5,11,19,2,1,0,1,0,1,1,0,11,11,5,1612221455325,red,NA1_3769636413
29402,275,92,33131,21506,256,84,24586,26,3,1,0,0,1,1,1,0,20,22,4,20,3,0,0,0,0,0,0,0,4,4,20,1612213676097,blue,NA1_3769570756
